timestamp,deviation_x,deviation_y,swinging
1,0.04967141530112327,1.1399355436586003,1
2,-0.007536996801050716,1.0924435896099602,1
3,0.07734747164881031,1.005883923049143,1
4,0.17117029042526966,0.9351283187919158,1
5,0.00173990791704225,1.069505888107893,1
6,0.008028495224202545,1.0388541106277964,1
7,0.19564917422945632,1.0888073716231133,1
8,0.12075557493767254,1.0625481781235013,1
9,0.0033471317698709688,1.103689698790734,1
10,0.11083105354238881,0.9448748281063264,1
11,0.016511520763235712,1.1297621838238436,1
12,0.022556069237758852,1.0173676865787626,1
13,0.099598291739005,1.204679299490573,1
14,-0.10965592260257316,0.9277404717863961,1
15,-0.08455287484024204,1.1697222500676678,1
16,0.03797348340352898,1.0153441601409394,1
17,-0.0008212741812744367,0.929799112022484,1
18,0.13814219863088628,0.9459008023292808,1
19,0.02216646387695173,0.9615637968002709,1
20,-0.022014561397355803,1.0352849600076153,1
21,0.27202290707245147,1.0443824766647185,1
22,0.10911765878697002,0.9339202451439975,1
23,0.14468015844144597,0.9880068911607263,1
24,0.0016791124466126184,1.2037823118097584,1
25,0.09593654936141842,1.1613833743234938,1
26,0.16768202309954428,1.0312960980875465,1
27,0.047699154422864015,0.9904596833713121,1
28,0.20657062215641628,0.9976190430195346,1
29,0.11513257425998848,1.0458852940479837,1
30,0.1522157608933234,0.8811328811337781,1
31,0.12739599215289743,0.9565142235994136,1
32,0.3789685696877914,0.8141943543484091,1
33,0.1985574627510112,1.0197371505312574,1
34,0.10029461851610251,1.0432577498846938,1
35,0.2944705773928268,0.9289041189394882,1
36,0.0962737012475432,1.1332673943981395,1
37,0.24537776813804812,0.8518995018758491,1
38,0.034648858354462575,0.8266073825588418,1
39,0.10391260540183667,0.9940203637507574,1
40,0.26252330896549947,1.0747768905191162,1
41,0.3227802124664326,1.1369133344723468,1
42,0.27215690451930746,0.9210473319891043,1
43,0.24953168217326416,1.073180785140133,1
44,0.23705224657559243,0.9598006131433379,1
45,0.12536595457172311,0.9446893688854728,1
46,0.20727846245335918,1.0485806791263568,1
47,0.23923268897807098,1.0236715761566506,1
48,0.39703118589743874,0.7989867622240128,1
49,0.3316916656240184,1.1024288609014432,1
50,0.12702493293835326,1.0908950409759919,1
51,0.34172445832834836,0.8884030213893723,1
52,0.27678271053387077,0.9885754134215996,1
53,0.25356114365354776,0.9963963075019372,1
54,0.38837066974185835,0.971021433694919,1
55,0.4362397469916527,0.8878469300765421,1
56,0.432191382406295,0.8736011992708058,1
57,0.2610517814723266,0.9360570054446449,1
58,0.31994881326620905,1.053697061917329,1
59,0.3898790315545881,0.988558880428363,1
60,0.4601757264939028,0.8948751822945634,1
61,0.32055797102572087,1.0068073721476116,1
62,0.3557491022576371,0.6424473505916247,1
63,0.26950630072299386,1.0398056126575355,1
64,0.2663288965872616,0.7485485069546587,1
65,0.47299663495981714,0.8838301404506781,1
66,0.5331470529409952,0.8056251991767521,1
67,0.39608531032594785,0.7856056975886955,1
68,0.5093869317299483,1.0286019825121282,1
69,0.45092838361017035,0.8631585453995676,1
70,0.35596753780870183,0.941952421082116,1
71,0.4623171729232767,0.8999474519238797,1
72,0.5856625096598942,0.9496452842837217,1
73,0.43394040654590915,0.9068894040018624,1
74,0.5996342262255268,0.7681384355455247,1
75,0.18682466979148765,0.9932593222681263,1
76,0.5366009968823998,0.8414166146158971,1
77,0.4687090442224281,0.7322584782816979,1
78,0.4356789967473703,0.8421944236250961,1
79,0.480312786736568,1.0321361818582426,1
80,0.27791815798633807,0.9641017481039782,1
81,0.4602273450182965,0.8411989574801723,1
82,0.5234062009648092,0.8380883427293454,1
83,0.640965466373626,0.8377660161438214,1
84,0.4468106494136267,1.074485315608477,1
85,0.4232301955020058,0.901850769724416,1
86,0.45932579592541956,0.9034739324672146,1
87,0.60644350201102,0.960276618483501,1
88,0.5531598229475473,0.8778717838343721,1
89,0.47266953225461683,0.8247994664954912,1
90,0.5823123434406559,0.8277458577208985,1
91,0.5460123981721864,0.836864358088544,1
92,0.638466970601479,0.836912514396934,1
93,0.4766735661058921,0.9099746931364087,1
94,0.5193674316932934,0.8389502101898816,1
95,0.5181557609484263,0.9035305309936787,1
96,0.4162259634052252,0.8186729237702882,1
97,0.5973781138011655,0.8310534554865544,1
98,0.5990377818600089,0.6197826594527008,1
99,0.5785871051646168,0.9076158655048028,1
100,0.5597376838687586,0.8469800376136852,1
101,0.44675689099576354,0.9084481593197202,1
102,0.5513037295610844,0.515305580875766,1
103,0.5641476347382498,1.0100207185824304,1
104,0.5232185121412642,0.7834447220017817,1
105,0.5923209498276161,0.9044108600172666,1
106,0.6538338199481156,0.685759486727773,1
107,0.8070022720372683,0.8471537306131118,1
108,0.6407719492214005,0.6766299572606475,1
109,0.6539750363679186,0.715658858248859,1
110,0.6256563843502045,0.9654723534030694,1
111,0.4460797892232076,0.7510038215012466,1
112,0.6401362221416176,0.7877877304369503,1
113,0.6536159026314967,0.8489932950314205,1
114,0.8986967477703196,0.8074666474262014,1
115,0.6378902887910762,0.7688223053455272,1
116,0.6920089740632293,0.7861286537148051,1
117,0.6630847362118476,0.9857965971422638,1
118,0.5543634155789494,0.7354861558300417,1
119,0.7901622548141811,0.7571216153025181,1
120,0.7556952946239298,0.8378116710899011,1
121,0.7642002851880856,0.8390043601346593,1
122,0.598726343498788,0.8428315171139182,1
123,0.8344852372343324,0.783649583866682,1
124,0.5585339560731393,0.6010956730341337,1
125,0.7618903884607109,0.874330620995212,1
126,0.9267080414675022,0.5919161071320636,1
127,0.6130386529179565,0.7323494223465259,1
128,0.659864150522506,0.6221657475437872,1
129,0.7308323554333491,0.6866593596570979,1
130,0.6748644333487773,0.7214018809697402,1
131,0.5744617480155751,0.716086570848993,1
132,0.7406716227573303,0.7215410788002982,1
133,0.6318431602597284,0.8360914111005574,1
134,0.7896617848091274,0.7154183050090553,1
135,0.6545597649046716,0.6409672959923145,1
136,0.9056657457544783,0.7570834402189173,1
137,0.6764873983271751,0.7748874016016318,1
138,0.7267171398475212,0.5284192532441565,1
139,0.8443555561084943,0.7061339648267552,1
140,0.6439677632122032,0.7116995855165782,1
141,0.7938202061591376,0.6069889350890614,1
142,0.9057780043078443,0.7694537529316341,1
143,0.6182742621273684,0.6119903034448259,1
144,0.8014140120616935,0.6346414957401503,1
145,0.8128359747964323,0.5998400482130684,1
146,0.8688959260928247,0.6137441029312605,1
147,0.6708532328246355,0.4975734405438115,1
148,0.6663058773659782,0.45818659276598006,1
149,0.8543173493167335,0.7566090980252835,1
150,0.8355615842809877,0.5074057455293683,1
151,0.8346204483753317,0.48788251208518796,1
152,0.8478920061734304,0.36657938130794376,1
153,0.7488885650350563,0.5128958443799795,1
154,0.8437279448231878,0.43933384991772895,1
155,0.8533889034332325,0.7306725426989709,1
156,0.7561929968000943,0.6622585249466286,1
157,1.0177193334301693,0.4872453681910752,1
158,0.882006040338996,0.776065573656765,1
159,0.7189402489849614,0.6437383431696515,1
160,0.9071406581634331,0.5077968764820447,1
161,0.7473985419330855,0.28503629165549443,1
162,0.9269231602870474,0.7587468064380948,1
163,0.9673886956340516,0.38535003688087227,1
164,0.7727416594717548,0.35440140302640677,1
165,0.9543944437801197,0.6158117871396157,1
166,0.9025479206328806,0.7521231359178966,1
167,0.9466547714593139,0.6411482274897736,1
168,1.057272785932996,0.5536650216839601,1
169,0.8461650885648404,0.5512830370329704,1
170,0.7984062534769794,0.5716631973204978,1
171,0.7878698322706013,0.5567093013956413,1
172,0.7982469673198855,0.5034113659580275,1
173,0.8750897417832091,0.4801693137935585,1
174,0.9198521058781937,0.457928288406114,1
175,0.9163079465853577,0.38321117806982335,1
176,0.9742239976018863,0.4249420237216368,1
177,0.8956374023188179,0.27809782457828836,1
178,1.0424867836580458,0.4319258202007082,1
179,0.8734283671995225,0.33724947419551937,1
180,1.174636044327996,0.32008120391402106,1
181,0.9678752343590973,0.4427440743993958,1
182,0.8222463042379179,0.55825260939287,1
183,0.8034904537859243,0.5051651862260155,1
184,0.9614085686973017,0.25054825974667855,1
185,0.8933605499675841,0.30288417742061746,1
186,0.9896161562894832,0.4901568848379785,1
187,0.9680128255102175,0.29204813377589467,1
188,0.915842707928625,0.36203522610564676,1
189,0.8408462471148374,0.4336902092352054,1
190,0.7764043048279229,0.27602203229394506,1
191,0.8855642356219021,0.3775507576235614,1
192,1.0181455169120546,0.22775286867128075,1
193,0.9561680310801713,0.29514657856627236,1
194,0.8124008213962393,0.38137540710190476,1
195,0.9564717702048858,0.1841978898284565,1
196,0.9798272435023868,0.3816311986258324,1
197,0.8550143546514679,0.329693052663471,1
198,0.9608398831884162,0.3809658162546054,1
199,0.9533181185650298,0.3421553379777115,1
200,0.835192610571751,0.45021242230946323,1
201,0.9872232107180049,0.32034287128141864,1
202,1.0094401250142528,0.25888973204463167,1
203,1.0635462819158146,0.30805796199083085,1
204,1.0624630612017611,0.34414423793784005,1
205,0.8211197579289407,0.28867520111866735,1
206,0.8668700984308086,0.2818118963063189,1
207,1.0138840359574994,0.2015061043397372,1
208,1.0154489419073713,0.19935697935578167,1
209,1.0172268169459593,0.11931783362384643,1
210,1.3526086974627622,0.4284570565800987,1
211,1.0259998343054662,0.12302405241287401,1
212,1.0840042545378568,0.1720210629610487,1
213,1.0673463858015537,0.1633625173225704,1
214,1.0385454058865824,0.3185780386927743,1
215,0.9433009222104995,0.19346392826577463,1
216,1.0521077730237565,0.3415975787930926,1
217,0.9002727174939289,0.14333020757133957,1
218,0.9551790967398606,0.2324262507718312,1
219,0.9315915999392661,0.1148316032350373,1
220,0.9895435946921917,0.4067128485019119,1
221,1.2140114435899787,0.06726211814174095,1
222,0.7969696069204353,0.21082069684938265,1
223,1.0534337720496594,0.2370258657601403,1
224,0.8246088363284306,0.2088307701883962,1
225,0.9397209084742166,0.1427181534173816,1
226,1.0968037866369147,0.1420545296908554,1
227,0.995292281672982,0.1532012943821602,1
228,0.8820062379308529,0.12789760760892224,1
229,0.9191276276434349,0.23275773924559096,1
230,1.0594558684908524,0.3511887530888429,1
231,0.9192583044831,0.06814875193767186,1
232,1.0147004480985653,-0.019325791086069036,1
233,0.9983321119958056,0.10257822436810302,1
234,0.9292959209946958,0.36312487835553037,1
235,1.2094920543827987,0.01852984356727677,1
236,1.0590918739386388,0.2565484245664342,1
237,0.7937486520327937,0.2541426046221726,1
238,1.015431871633977,0.024746061567007788,1
239,0.9310918928959939,0.13073238744159968,1
240,1.0829585226758838,0.23040001493973244,1
241,0.9188682981948763,0.023371179122567663,1
242,0.9870124277238325,0.03464709357395698,1
243,1.049311002125315,-0.009443961305652095,1
244,1.0856744856216936,-0.05903446987313823,1
245,0.8793164957564032,-0.028771157065581504,1
246,0.966103651637669,-0.09252346524997228,1
247,0.9522273431542931,0.026991690636779773,1
248,0.9345175037009292,-0.059702129805286705,1
249,1.1764848522284033,0.03438494981713958,1
250,1.0404870455718096,-0.15087247602733053,1
251,0.8739103683950928,0.0315156551738613,1
252,1.0917552905732244,0.07549113367142447,1
253,1.2121154914680123,-0.2135244101979074,1
254,1.1030376203190408,0.01696628736284574,1
255,0.8477057710668285,0.09603981447182448,1
256,0.9510314905424442,-0.15397784454523394,1
257,1.1259186071147418,0.1279581440436392,1
258,0.9281936131969494,-0.0036809910990065198,1
259,1.0430360538910795,-0.12236607186794168,1
260,1.0757715636142018,-0.06372173667624616,1
261,0.905229667870435,-0.00858978022059581,1
262,0.9915452609883196,-0.06309702651075338,1
263,0.6729066857717829,-0.023094263977342308,1
264,0.8940908388169078,-0.1753064753751092,1
265,0.9707295508997884,-0.07256899378885857,1
266,0.8706254123375275,-0.23713894542350172,1
267,1.1580228498757488,-0.11314873309885407,1
268,0.851106219693876,-0.19867148645694072,1
269,0.9494152220481122,-0.18808402861611742,1
270,1.0057537446121294,0.0028325016628827915,1
271,1.1360277641654886,-0.017886807687451628,1
272,0.8474957315510758,-0.07233998705492176,1
273,1.1065406287066946,-0.24871578384280318,1
274,0.9903506957554522,-0.17735054293569152,1
275,0.8902405255286777,-0.030619354667597132,1
276,1.033626640883116,-0.14397085008535018,1
277,1.0063081062530617,0.0675832514668635,1
278,0.9253272727517371,-0.1312185784330523,1
279,0.9912370149323706,-0.1575393640421382,1
280,0.9445943581095282,-0.2138428438926367,1
281,0.9933074738226315,-0.17575679249968795,1
282,1.0469599846721445,-0.21053007139372423,1
283,1.1381009809956517,-0.13063669998064598,1
284,0.8544313852505236,-0.1119338471293966,1
285,1.1901912128271193,-0.29235132374917033,1
286,0.7803153925295886,-0.3530155164633554,1
287,0.9589433709351779,-0.4096439034707786,1
288,1.0315127753516178,-0.1813464376338071,1
289,0.9993009390438796,-0.3485952520405522,1
290,0.9074140796756283,-0.459651246935015,1
291,0.9473157278663913,-0.21159825707960184,1
292,0.9172334840921582,-0.00724018829888573,1
293,0.9059644930003179,-0.26322110565427115,1
294,1.048190400596015,-0.18482842319543025,1
295,0.9972228588436303,-0.26654742275282617,1
296,0.8904834348271237,-0.2906613142852634,1
297,1.047949499858814,-0.19489558441231314,1
298,0.986896686826912,-0.3218502256954152,1
299,1.0355923456126448,-0.27209149513826936,1
300,1.0153706670768128,-0.2726570802393517,1
301,0.8675722562079043,-0.3776199823900759,1
302,0.8924800295400983,-0.2175784833779903,1
303,1.0212163502471787,-0.3402379442181899,1
304,1.0054754319241754,-0.4042629678938531,1
305,0.9402623021379038,-0.280970948935161,1
306,0.9519619790406372,-0.43038897605777726,1
307,1.0658353164750083,-0.34363083577781056,1
308,0.8767141666702292,-0.3532539202083845,1
309,0.98834650172785,-0.2496315952689694,1
310,0.9111460242164648,-0.31661628958828825,1
311,0.9072888526316408,-0.3724393674885574,1
312,1.0365895906040041,-0.2939959667127034,1
313,1.0068718144761115,-0.242572902176817,1
314,1.003262853285289,-0.33161859205050664,1
315,1.0500050121056383,-0.3921550018011407,1
316,0.9190663859592895,-0.5301489745504321,1
317,0.9826338965746622,-0.5112360231358105,1
318,0.8808483486556882,-0.4409904229365805,1
319,0.9416920130627328,-0.4771462313602358,1
320,0.893625457340121,-0.4406027365090638,1
321,0.913667879961288,-0.42193451931395826,1
322,0.9607767480896361,-0.38030722725219523,1
323,0.8166960877965201,-0.4459862321022394,1
324,1.1049784512538017,-0.3959286783576322,1
325,0.7923241199995984,-0.443756303336661,1
326,0.7686578095431329,-0.653357494657688,1
327,1.0030033617586112,-0.5553334399341923,1
328,0.9634390524050713,-0.48137946689130956,1
329,0.9437302938150226,-0.5934925242403226,1
330,0.9411635295091967,-0.4180638238280155,1
331,0.8740802233931216,-0.33049634980257453,1
332,0.7825207608709032,-0.36719085526598505,1
333,0.8767334474213716,-0.5158875887252394,1
334,0.7983092326332275,-0.35092738631500453,1
335,0.9603755316277063,-0.49057017396625313,1
336,0.8449618420305316,-0.5445624427332123,1
337,0.7738878762140948,-0.5775908298796224,1
338,0.8210351490280936,-0.5518738285677103,1
339,0.8911692666182491,-0.5658002039835321,1
340,0.7901724350496633,-0.5152757160636429,1
341,0.7609581328295794,-0.5215736992980008,1
342,0.8641508216077309,-0.5426189872211579,1
343,0.8608474660766484,-0.5045007874700747,1
344,0.7821921161036606,-0.4343793070415243,1
345,0.7822852809632506,-0.46371595826905954,1
346,0.849063974699307,-0.7123665063851681,1
347,0.6774877474490771,-0.8244518552818791,1
348,0.6779544769281728,-0.4807882724166959,1
349,0.7432287193610189,-0.7160459404919088,1
350,0.7900684712916812,-0.606949500072083,1
351,0.8388118906336075,-0.706576031512375,1
352,0.9515327520618959,-0.7748312200622882,1
353,0.886007284974234,-0.545531828761466,1
354,0.7804600065085864,-0.5287837891452106,1
355,0.7907332699514159,-0.6673476285319788,1
356,0.6885316309688506,-0.8737739829685833,1
357,0.7830517282871656,-0.6742430491597768,1
358,0.7521246037539038,-0.5853625438968841,1
359,0.8093188555160976,-0.7773337361454284,1
360,0.6903496990334855,-0.6159813230326119,1
361,0.8210026579984342,-0.6406979437502842,1
362,0.918306688758148,-0.5860621689361591,1
363,0.750091310815982,-0.6368321675200017,1
364,0.7970429242148862,-0.7508703194853344,1
365,0.8217606376690664,-0.5386536430210693,1
366,0.708468901146407,-0.6788850772417836,1
367,0.7668152940694607,-0.6704576728396415,1
368,0.7414509367801231,-0.765722700217792,1
369,0.7457156773389866,-0.7213662166428272,1
370,0.6543743477161319,-0.7701335683022228,1
371,0.7298246589989431,-0.7035362438610758,1
372,0.7728430131860544,-0.5196319849143765,1
373,0.8637984856480427,-0.8325268159434533,1
374,0.8102237190355418,-0.8611992044736392,1
375,0.9251991380455845,-0.5572047110263553,1
376,0.6287023108571483,-0.7297049294700246,1
377,0.7881974004396656,-0.7801026164267015,1
378,0.7148000786230573,-0.6135994425001798,1
379,0.9109191622993135,-0.7825176479282109,1
380,0.6065546600935952,-0.5436927466355533,1
381,0.5988307329451115,-0.6628100246280617,1
382,0.6182550712702642,-0.783673745635846,1
383,0.46116935445588536,-0.5234027065363207,1
384,0.6163213715762637,-0.8039267050318039,1
385,0.5882950946502443,-0.6733379552274227,1
386,0.6745329521835168,-0.7217809430773439,1
387,0.6889282960174512,-0.625669045194732,1
388,0.8376030069752356,-0.603795128316012,1
389,0.7402358197572987,-0.7608188454668924,1
390,0.582685061106786,-0.8434038372059177,1
391,0.5456906187095487,-0.7260772431661742,1
392,0.6798555221932079,-0.8438278604947896,1
393,0.4937468561497417,-0.5786687660849958,1
394,0.8039978714286791,-0.7702742700082919,1
395,0.7338532656393084,-0.8243492604102975,1
396,0.5640245833349525,-0.7732072128881944,1
397,0.43463742335446065,-0.9302146940385594,1
398,0.7363228715796644,-0.8964588225838952,1
399,0.5844426361086361,-0.6830197634877829,1
400,0.7146156662033045,-0.8724825507474636,1
401,0.42630531166240293,-0.9151842750784858,1
402,0.5207014471332285,-0.760495894545024,1
403,0.5760312227417086,-0.6992265412502778,1
404,0.5750500499543759,-0.7495050626781183,1
405,0.5201680196174684,-0.7253665697588485,1
406,0.6222597793723453,-0.9041891581007881,1
407,0.44799081144585784,-0.9741962531657979,1
408,0.5352710295686769,-0.6853544462173876,1
409,0.556272927802769,-0.8711953705241408,1
410,0.5904001057660916,-0.8674170777575664,1
411,0.6048092482110116,-0.7128874308966501,1
412,0.41585397956226483,-0.7934234591786317,1
413,0.3695563011422406,-0.806763711908963,1
414,0.6453642426517296,-0.639124566808938,1
415,0.5454363291510739,-0.9232150902584402,1
416,0.43194438031261756,-0.7692837459679674,1
417,0.6564762901398586,-0.8595368367150996,1
418,0.5074767821136754,-0.841515085207967,1
419,0.6083676463228033,-0.7186292837449192,1
420,0.4916989848584988,-0.8237598907519317,1
421,0.6855119547770087,-0.8237466038376142,1
422,0.6494423068347638,-0.7733235087728343,1
423,0.44346412148475345,-0.9200327130247037,1
424,0.5599514180627349,-0.9703866539599992,1
425,0.5217473976375941,-0.9938397875392335,1
426,0.5884703521301302,-1.0888525272945038,1
427,0.3494943796270659,-0.6894188618364354,1
428,0.5089537589344637,-1.0081477124711673,1
429,0.5405355298393548,-0.9227040236627954,1
430,0.2531464054200151,-0.9309761521816443,1
431,0.305004804789957,-0.8752345813395298,1
432,0.21370099443045698,-0.8270461208026522,1
433,0.38496056479953705,-0.825181141552161,1
434,0.47791621613406887,-0.972108836780747,1
435,0.5506423713774069,-0.9330497192770041,1
436,0.4020449807914186,-0.8905797599273659,1
437,0.551710283148517,-0.9461707278741086,1
438,0.2450364267816789,-0.7629944736712232,1
439,0.2068910203672548,-0.8770224118426007,1
440,0.36584226391790664,-0.8549863692736438,1
441,0.4039566567191502,-0.8645035338955206,1
442,0.3564192548351269,-0.8157249682341047,1
443,0.1470689091223511,-0.9172139814511722,1
444,0.3390115087430052,-1.0672061168164122,1
445,0.21157319327518356,-0.8997238256106441,1
446,0.4030704994252201,-1.0069608371684078,1
447,0.3668328750105218,-0.9967820868486086,1
448,0.23024181685163567,-0.887341948680233,1
449,0.26688702315863944,-0.8241705548858318,1
450,0.20638369204259466,-0.9478547154942808,1
451,0.3000561098794666,-0.92104400426923,1
452,0.3958451096618747,-0.7836135876932164,1
453,0.19575325068572785,-0.9316298096352599,1
454,0.33871384182400677,-0.6973690564191513,1
455,0.2292553586367281,-0.9027807658742156,1
456,0.19695460115284008,-1.1371644203199844,1
457,0.25948868488832644,-0.887472378148731,1
458,0.16060663707466905,-0.9263710115382292,1
459,0.20269463889413225,-0.8371537318294733,1
460,0.13219027212624057,-0.900414811806503,1
461,0.44235909904548953,-0.9831442040645129,1
462,0.24331173869490916,-1.0932557451312641,1
463,0.1637021451649942,-0.9932171597540914,1
464,0.24895275594950494,-1.0588173297590966,1
465,0.21019302735247655,-1.0332295600448442,1
466,0.19319118079176847,-0.9176927299097882,1
467,0.27055860294191036,-0.8108948454391444,1
468,0.27873822303149237,-0.9397141858511598,1
469,0.1437748267066528,-1.100026954164845,1
470,0.13307282096859668,-0.937196906700044,1
471,0.15697163708832815,-0.8631737186494297,1
472,-0.05190044531558233,-1.0449559731034996,1
473,0.02058037654431405,-0.9984812911344032,1
474,0.30258791331316615,-0.9846736796397918,1
475,0.32419169913767815,-1.0656562458700898,1
476,0.1285794479405788,-0.9233232369267936,1
477,0.2049208009257182,-1.0011918722627395,1
478,0.17216634737927336,-0.948050464031061,1
479,0.44270006085210845,-1.0796204152860736,1
480,0.24053478642532686,-1.0354453203710217,1
481,0.10954576523038065,-0.9202504183723579,1
482,0.020538870065187773,-1.0305216729511197,1
483,-0.05080092048325709,-0.8212524863155117,1
484,0.12393652741896183,-1.0345836857012751,1
485,0.02169744383987253,-0.9727834457189105,1
486,-0.05115434827312633,-0.9025853167200306,1
487,0.020148636051256844,-1.1382340618358298,1
488,-0.029617328795769532,-1.1729920435190095,1
489,0.2409800754278439,-1.1499510323799855,1
490,0.15415546932156599,-0.8715617752463125,1
491,0.058917200751548604,-1.0534013137094056,1
492,0.2014294878820605,-0.7427513973119807,1
493,0.05489040011706802,-1.0553124116551367,1
494,-0.04525822069211468,-0.980709334019214,1
495,0.18689762053878323,-0.8451907573206037,1
496,0.08218986245158415,-0.7989902183024092,1
497,-0.08171323150641786,-0.7936073624754209,1
498,-0.003310828751319564,-0.879039762321804,1
499,-0.07812775311257869,-0.8975492455692647,1
500,-0.1351352408886969,-0.9407423603973276,1
501,0.08947302254542815,-0.9221589477007821,1
502,0.18150759182111673,-1.0550740697832643,1
503,-0.1555797964389547,-1.081696273723349,1
504,0.034285539742829996,-1.0000951658801558,1
505,-0.09336311499530028,-1.0166179693708146,1
506,-0.08329775118828639,-1.044724557510119,1
507,-0.10010959186459836,-0.9295257195932463,1
508,-0.1335526463202871,-0.9033571309323468,1
509,-0.048582911198574524,-0.9897306372496212,1
510,-0.14280947652431342,-0.8504624910146348,1
511,-0.03894581104863634,-1.1119890970023811,1
512,-0.07728972286550038,-1.0167513468509481,1
513,-0.10243227625231024,-1.0685933943812125,1
514,-0.1755622906796686,-1.1830511502498324,1
515,-0.1487481557434737,-1.0041124684916096,1
516,-0.021793395785726574,-1.0074266691324274,1
517,-0.053498445069800754,-0.8432750928156018,1
518,-0.2075992360223546,-0.9308677029833746,1
519,-0.1061596835823071,-1.0956570401748635,1
520,-0.047198812041278154,-0.8070792975217163,1
521,-0.2955178233940057,-0.8695961207861455,1
522,-0.08047596076859051,-0.9326614271590021,1
523,-0.20730370781950375,-1.0126521183067472,1
524,-0.09020523776082492,-1.0850409810743094,1
525,-0.22980896755046765,-1.025371957918285,1
526,-0.340183137854001,-0.8782915525914472,1
527,-0.32865473035702925,-0.7976838685192507,1
528,-0.16729098809803042,-0.8307552216398927,1
529,-0.15231942098582732,-1.032862624850189,1
530,-0.2749084693139327,-1.094798610642896,1
531,-0.12679539915532664,-0.9675685488309379,1
532,-0.36297694769460087,-1.157282584517612,1
533,-0.20959543189149282,-0.9468645674149799,1
534,-0.33024355291381285,-0.9926455545041519,1
535,-0.280471751525306,-1.0231542205386737,1
536,-0.21668596518991748,-1.1346475217910519,1
537,-0.31359610140447736,-0.9224052736811952,1
538,-0.27213025038723465,-1.02558491799168,1
539,-0.13915610257629157,-1.0878176050733566,1
540,-0.30357577270616476,-1.2565248269943006,1
541,-0.16840885017861057,-0.9704844374385626,1
542,-0.3710302548946116,-0.7889038475707737,1
543,-0.2111504515250775,-0.7983609285717201,1
544,-0.12603485881799154,-1.0085161659178117,1
545,-0.5234063343918027,-1.021309350440581,1
546,-0.3619706460210192,-0.9124543048298678,1
547,-0.23060197755416761,-1.05737591175602,1
548,-0.31463039392358083,-0.9255259376021704,1
549,-0.26321629027461935,-0.8772270543182714,1
550,-0.3667225382783652,-0.8292339831406959,1
551,-0.30364606548419915,-0.9599972808158824,1
552,-0.33384143843151615,-0.9683662370468922,1
553,-0.2074515893183898,-1.0337766092313987,1
554,-0.30473096607071504,-1.026608454077619,1
555,-0.3023429783346954,-0.9644730369793778,1
556,-0.38320783993791496,-0.9029560701042907,1
557,-0.3966841351015327,-0.8461644593975027,1
558,-0.39706893790830067,-1.0156340323895774,1
559,-0.3202435154067058,-0.7838034970866853,1
560,-0.4076485599072451,-0.957904020866519,1
561,-0.3424195481179266,-0.9306108773134695,1
562,-0.16968918443822575,-1.0008410749212082,1
563,-0.29593410225999817,-1.1661530573005168,1
564,-0.42145108180817126,-0.8328970756196492,1
565,-0.274514110533046,-0.845153365266953,1
566,-0.4412142034699586,-0.9444703036101847,1
567,-0.6099744440722574,-0.9071020212013663,1
568,-0.5127098793357326,-0.859634568617726,1
569,-0.604703404309052,-1.0648744277452364,1
570,-0.4584820044606648,-0.9588805188550696,1
571,-0.42717851614337116,-0.8238683542305696,1
572,-0.26704934992686713,-1.0260076036211434,1
573,-0.4076558755582029,-0.8684710826823363,1
574,-0.4678967785659622,-1.0306977552928085,1
575,-0.36866663825854584,-0.8455738701135513,1
576,-0.6783233335798673,-0.8929230163668789,1
577,-0.43923286715644205,-1.0479788688166498,1
578,-0.39127401694396347,-0.7670635046246983,1
579,-0.6217668471684269,-0.9540334001836198,1
580,-0.3650617579681164,-0.9586014554440159,1
581,-0.4510974959680459,-0.8544865466578001,1
582,-0.5319667193065002,-0.7566123914433012,1
583,-0.4326311320737604,-0.9699564949921327,1
584,-0.27429180680716614,-0.8590701642200111,1
585,-0.4886064084624228,-0.8191861087430342,1
586,-0.4873828693230805,-0.7895527064941118,1
587,-0.5635326504159026,-0.8379806457713244,1
588,-0.6079521551622813,-0.8890552730254565,1
589,-0.44528460709162654,-0.93180548218357,1
590,-0.6192561429930087,-0.8370924567769188,1
591,-0.5317995986382767,-0.9495476773106226,1
592,-0.5920091093080903,-1.1310624349893883,1
593,-0.5016109954961664,-0.7918318309971699,1
594,-0.5213866438554219,-0.7416217023829943,1
595,-0.45622079171180496,-1.0648028927980262,1
596,-0.6161762066508669,-0.9259444088104243,1
597,-0.5973394841072384,-0.7594849676441056,1
598,-0.6733832243481205,-0.612047409745408,1
599,-0.6250682754362165,-0.8120817990302122,1
600,-0.5480180282373539,-0.8832934709332056,1
601,-0.5151351733414226,-0.8250827669608085,1
602,-0.6881131530516599,-0.6655735123674074,1
603,-0.5139750421525565,-0.863893836645284,1
604,-0.4703870903830527,-0.8754212657506155,1
605,-0.5695986582230524,-0.8399495956928889,1
606,-0.42822967231137254,-0.8831499661049583,1
607,-0.6982309147536004,-0.7716607715170866,1
608,-0.7502356471829472,-0.6175396449907026,1
609,-0.8085356299329849,-0.7437483962079762,1
610,-0.4859276546954656,-0.7973098076727151,1
611,-0.57493886103762,-0.7972431770628542,1
612,-0.6507519030297386,-0.9203383412431353,1
613,-0.6219890604216645,-0.6716352702739818,1
614,-0.7673016031695724,-0.7636268938358924,1
615,-0.414918375574213,-0.769758192477056,1
616,-0.651286242608091,-0.4282367356438677,1
617,-0.6579573942838498,-0.7134799218949018,1
618,-0.6009822644969963,-0.8143126328723899,1
619,-0.6300934126409946,-0.7775183644418305,1
620,-0.6604145147352755,-0.6157580408423136,1
621,-0.766431934173641,-0.714966676936471,1
622,-0.6447920332639465,-0.8657838917862614,1
623,-0.5082634284017182,-0.6256670177822676,1
624,-0.5664233321520994,-0.7800097511146098,1
625,-0.5461184044820132,-0.521442784133084,1
626,-0.7610024599375468,-0.5963169372042518,1
627,-0.8132571184528787,-0.7445752542518407,1
628,-0.7312628168785029,-0.5672350654768069,1
629,-0.7174706928326395,-0.6840172818758709,1
630,-0.6179544897259536,-0.600964270356512,1
631,-0.9009217890731599,-0.6331800151700857,1
632,-0.5829930355380416,-0.761673657022764,1
633,-0.7559924865598421,-0.7367508875422191,1
634,-0.7870941528831605,-0.5647311371305328,1
635,-0.8498013858610073,-0.6965096531497409,1
636,-0.9182319056845316,-0.6986756395117186,1
637,-0.6745546936088,-0.7490756833321148,1
638,-0.7536355289428266,-0.6064302978020718,1
639,-0.894028887431995,-0.4377388269719541,1
640,-0.8985758837806778,-0.7459202502584129,1
641,-0.8066512633177303,-0.6318953693432522,1
642,-0.6101448469533493,-0.4882205237264729,1
643,-0.8069496027822777,-0.6325070835617108,1
644,-0.935217337198215,-0.5743814247095553,1
645,-0.8133588738412255,-0.7209091065687808,1
646,-0.8199072477164517,-0.5668658787385422,1
647,-1.0661425237990858,-0.6234137316759307,1
648,-0.8056708093058131,-0.5011051020139587,1
649,-0.8270905833878079,-0.47589457114781203,1
650,-0.7381004975924648,-0.3306083647045782,1
651,-0.6265175769683308,-0.5265096425614579,1
652,-0.7024166385314863,-0.5467784389921506,1
653,-0.8455897234213107,-0.5547818333828907,1
654,-0.9329487724729761,-0.604376371072753,1
655,-0.5685230006385571,-0.5300283251940088,1
656,-0.8234672681236336,-0.5882115128270954,1
657,-0.8314935044494788,-0.5365978368931972,1
658,-0.8387633176767761,-0.4164348508839143,1
659,-0.8199736243817541,-0.6435778457644636,1
660,-0.8576162135786163,-0.42364324129008324,1
661,-0.9039110910180841,-0.40060583156720564,1
662,-0.9045620153147252,-0.5387893748285181,1
663,-0.8564490602149925,-0.7338123498197575,1
664,-0.9107800730067219,-0.5770327622349727,1
665,-0.9309521584484615,-0.38115439096529796,1
666,-0.8522205355167409,-0.5077237259163534,1
667,-0.891523125526524,-0.5999302232294915,1
668,-0.71875369274373,-0.5450207937550405,1
669,-1.1373431788587873,-0.405005037785262,1
670,-0.7661542154855667,-0.42889807621680653,1
671,-0.7537204593330055,-0.501949906744606,1
672,-1.088657335350622,-0.5092054911376809,1
673,-0.9185415424168123,-0.5061465262235307,1
674,-0.9243363610081831,-0.5536409190021677,1
675,-1.0308278402936877,-0.29427326907535767,1
676,-0.9707075269086559,-0.4824357917388076,1
677,-1.006797308231838,-0.32286299065770374,1
678,-0.7232911117775048,-0.2868047491040858,1
679,-0.8076932062311982,-0.3334454128730733,1
680,-0.7768127739626,-0.4707615430754744,1
681,-0.8344725563725658,-0.3815325971768585,1
682,-1.022180554935611,-0.4186145717833998,1
683,-0.964327050943011,-0.5008381385741267,1
684,-0.8655011433223737,-0.3722887286561138,1
685,-1.039178782685208,-0.5168693304313968,1
686,-0.8481572883729663,-0.2744223249393232,1
687,-0.9459444295010385,-0.43386135241553264,1
688,-0.9618122603322679,-0.3614776914912653,1
689,-0.8556159085849357,-0.3474438094781183,1
690,-0.8846306418057585,-0.39582716898445175,1
691,-0.967461906041762,-0.3054167327287567,1
692,-0.817703783274421,-0.4057115175143807,1
693,-1.0439776383138015,-0.2652122907982404,1
694,-0.8764752662017394,-0.4810469195393985,1
695,-0.8809191149129204,-0.327904219924033,1
696,-0.9733071054657176,-0.1407290333863731,1
697,-0.9118251031566169,-0.428721584405127,1
698,-1.0715983473733826,-0.3905164656011346,1
699,-0.8560954316391048,-0.2653919333657519,1
700,-0.9689619709444104,-0.29285275883181167,1
701,-1.004680084936355,-0.26976385093159805,1
702,-0.8494052111450598,-0.24991201353069376,1
703,-1.0266011037935268,-0.2293506244203742,1
704,-1.0988356419518448,-0.17583324851546833,1
705,-1.1154373117055794,-0.23979048327329808,1
706,-0.9009203151125613,-0.29885612406943757,1
707,-1.0912731261435409,-0.2014201305203215,1
708,-0.7894215504963024,-0.07262582101076093,1
709,-1.1747265183464135,-0.2698035146804226,1
710,-0.7984823160731148,-0.3479090479997633,1
711,-0.9485822849374257,-0.1336541207110699,1
712,-0.9808730634574153,-0.25029670781852553,1
713,-1.027172963384055,-0.44941252492646555,1
714,-0.9342082690035289,-0.14128119844540765,1
715,-0.9792876427243234,-0.27342503970297033,1
716,-0.8665576871598402,-0.22280570592879256,1
717,-0.9667901702670043,-0.17440604575195423,1
718,-0.9644691232349287,-0.1823975996715986,1
719,-1.0171081384414251,-0.1243379060417666,1
720,-0.9876503016696134,-0.23265952003490073,1
721,-0.9523455409064983,-0.13162061765477898,1
722,-1.1552736456990313,-0.20269894344953354,1
723,-1.1201675026781877,-0.09666931428374008,1
724,-0.912075727293443,-0.10281295413000105,1
725,-0.9703297496439947,-0.2516864116538011,1
726,-1.0067897242687407,-0.04333091304801272,1
727,-0.9874839963469542,-0.19930604247761702,1
728,-0.9554660829550313,-0.05867872754743145,1
729,-1.0450579146999557,-0.09652506780550651,1
730,-1.0697309077991082,0.05680054793263306,1
731,-0.9730951613737521,-0.14312341409534643,1
732,-1.091256948479314,-0.14946271396896119,1
733,-0.953295081918492,-0.11022268289923522,1
734,-1.1650400799063694,-0.13234410524741225,1
735,-0.8924881668014482,-0.01577330553879916,1
736,-0.9487266177978,-0.2511361370361261,1
737,-0.9709266295189491,-0.18860735798180844,1
738,-0.8987643213841388,-0.18375015537989944,1
739,-0.830950352148242,0.024333193545362578,1
740,-0.8964857085264301,0.10663886578542357,1
741,-1.1823955814044327,-0.06858975076422338,1
742,-1.1266118077500265,-0.068747058611103,1
743,-1.0614424175283952,-0.03857767572429359,1
744,-0.9966183871749961,0.07688873562068765,1
745,-0.9476889957821569,-0.1257490560951715,1
746,-1.0722171489775765,-0.0028901865020264754,1
747,-0.9811144178162182,0.07708039335633082,1
748,-1.0754381650020812,0.035958571053222206,1
749,-1.0611208761669417,0.01109639917040543,1
750,-1.1406648735134197,0.09853224120912923,1
751,-1.0923121990868045,-0.2656061407068924,1
752,-1.135107888761927,0.07879389059115512,1
753,-1.0974377522560337,-0.048112375012165816,1
754,-0.8943576946096048,-0.15947994587478923,1
755,-1.0944936641049583,0.08099082137875033,1
756,-0.7361079299782418,0.17352245195731428,1
757,-0.9497671761165926,0.028696351733379033,1
758,-0.9803286618577818,0.1440115848095055,1
759,-1.0843218498886438,0.21623295538305748,1
760,-0.9280893840972472,0.19277539857972043,1
761,-1.0552789718200388,0.23155680556401748,1
762,-0.9850695579082965,0.14804682863026047,1
763,-0.7407779863301549,0.08764824962796607,1
764,-1.0058689006710195,-0.07382405797518925,1
765,-0.8807726390782702,0.0680304952090321,1
766,-1.065415287962855,0.014572640832629769,1
767,-0.9979548048049738,0.3222482163398792,1
768,-0.8166948644418733,0.09381784795999369,1
769,-1.0557512949191445,0.12997498755028664,1
770,-0.8110501118551209,0.17904646804250174,1
771,-0.9207209000518374,0.13449669756695248,1
772,-1.0469046761588585,0.30587493160917506,1
773,-0.9265399418182315,0.080332871598325,1
774,-0.8916088348007627,0.16828089270797303,1
775,-0.9257277307184585,0.08078954109439228,1
776,-1.1439365670422057,0.029244668183081385,1
777,-1.0585941410298827,0.1062739513527169,1
778,-1.0095596165673586,0.16994449796208877,1
779,-0.9911394690896149,0.13690840337495297,1
780,-0.92047837716756,0.11677986205730594,1
781,-0.9635860806602343,0.05156618935738855,1
782,-1.1136623905931868,0.1900557512981429,1
783,-0.9408411723132651,0.05405479714635053,1
784,-0.916496664419304,0.286684866364686,1
785,-0.9202318061813256,0.22506734681916932,1
786,-0.8667497741190722,0.07720374614848347,1
787,-0.8900140653011124,0.19816469329334338,1
788,-0.9260282015293901,0.15998760332043094,1
789,-0.9774642616656618,0.273229033782557,1
790,-1.1350068765877488,0.3814554205543161,1
791,-0.9243737264840317,0.06598213529682986,1
792,-0.9449532795990438,0.27108096871855647,1
793,-0.9369124630966135,0.24963379155421178,1
794,-1.0900553668186648,0.3388392807654582,1
795,-1.0687582564631475,0.29907239000969893,1
796,-0.8535714093913594,0.20859226091221478,1
797,-0.9610383713839366,0.25790904146753874,1
798,-0.8870910878610244,0.2162256260072533,1
799,-0.9505298347643834,0.40943100001701593,1
800,-0.9484688607336021,0.3099515858838217,1
801,-0.8556612597572139,0.5039174478873787,1
802,-0.9991017195421673,0.31369784318978283,1
803,-0.9358552948997654,0.25487614412184345,1
804,-0.9896276271420856,0.18028539329485593,1
805,-0.9847451282727352,0.15726975720419692,1
806,-0.9700708899666319,0.18508366888107378,1
807,-0.9147613221040671,0.3761098787887983,1
808,-0.9826335188334989,0.4061558452843865,1
809,-0.8069300249223554,0.20303634795988762,1
810,-1.0196764610505549,0.4565170384165763,1
811,-0.9465761917126454,0.32455037261196445,1
812,-0.9694987247490958,0.39336430053130433,1
813,-0.7784278107589392,0.5457206039308913,1
814,-0.901033585401706,0.47998080471627796,1
815,-0.8150316529334107,0.36922670124857326,1
816,-1.0642628658038666,0.3127277685361216,1
817,-0.8864563005860576,0.19241677997606532,1
818,-0.8216166240296923,0.34141819370154114,1
819,-0.8997336609520039,0.39793935687564,1
820,-0.798760462076062,0.32603670656892847,1
821,-0.9543479726790716,0.4173144389263671,1
822,-0.7589593065047603,0.4437937732064877,1
823,-0.6672435635803893,0.41927418469937466,1
824,-0.9306210691749932,0.3823932479154807,1
825,-0.9360559248383615,0.46987499860498616,1
826,-0.743300418940586,0.5028017019134315,1
827,-0.7277796938234585,0.35514769345178077,1
828,-0.9350859154399466,0.6108424413729975,1
829,-0.9218466775260155,0.465433410332663,1
830,-0.9049997361192045,0.4827014047114491,1
831,-1.0082249210161567,0.5571430837681216,1
832,-0.9625690948135476,0.5151292159927914,1
833,-0.9680075643428085,0.5925877730700477,1
834,-0.9412285119702781,0.5314333621589037,1
835,-0.864738316677909,0.4469041578199253,1
836,-0.8346353576020358,0.5497050964592612,1
837,-0.6997598420255184,0.4045686569900295,1
838,-0.9513645418071908,0.5351632541348834,1
839,-0.7497824600651442,0.526329550114574,1
840,-0.8662655933783692,0.514165177415597,1
841,-0.8464316682652937,0.5274262636890136,1
842,-0.7705886494885665,0.35737688992072725,1
843,-0.9468949504040475,0.4959495023482374,1
844,-0.792900907697289,0.5653448928229583,1
845,-0.8109829177814258,0.5772624552121047,1
846,-0.7748365297025496,0.46370351259273795,1
847,-0.791585710716306,0.6982136133449482,1
848,-0.571361023201816,0.4901745343274794,1
849,-0.8770211836488648,0.6788641127209882,1
850,-0.862670858840926,0.6297411832179869,1
851,-0.868177169600146,0.5274791493768202,1
852,-0.8576709046710694,0.774689680963737,1
853,-0.8620902514050581,0.4828279978497609,1
854,-0.6756466508016887,0.6991163665943315,1
855,-0.6486632141161088,0.7122444299774108,1
856,-0.8439223247465379,0.5500852097337904,1
857,-0.8661861835188865,0.7613303803994282,1
858,-0.7318810299448512,0.6019912106881827,1
859,-0.8302860333076989,0.6607524345284577,1
860,-0.707781030923174,0.6627774693021821,1
861,-0.7467618927704689,0.6281514371384334,1
862,-0.9145782458712509,0.7274747851577469,1
863,-0.604172771335083,0.7305289068130768,1
864,-0.5752249602512473,0.48108715538534896,1
865,-0.8119511743011631,0.7911087476778964,1
866,-0.785272344321651,0.49913376071781124,1
867,-0.7137160026731191,0.7733194952918228,1
868,-0.704627852633637,0.7873907978774503,1
869,-0.6679608980094449,0.5702523603552496,1
870,-0.5285076372455542,0.6428694205085064,1
871,-0.7429067215098027,0.5779551730907981,1
872,-0.8006969433784306,0.6715810912875235,1
873,-0.8544258462842363,0.6667899041271483,1
874,-0.7851852894252176,0.7800519290495563,1
875,-0.7109751761738846,0.8375815210458927,1
876,-0.5237488927289053,0.8505558488440976,1
877,-0.7504801922559852,0.6591793616493511,1
878,-0.671827010976833,0.6988543742893105,1
879,-0.6913073785855377,0.5557846673357846,1
880,-0.5662577631389728,0.6478647601892418,1
881,-0.4278087487678908,0.8292313947988849,1
882,-0.7289668506547116,0.8985699929858441,1
883,-0.7201751635927257,0.6178131483454072,1
884,-0.5621398254754651,0.6862086127031464,1
885,-0.593665090867237,0.7469919777722897,1
886,-0.47245565269558576,0.7817965307131298,1
887,-0.5939797179891948,0.6769381066367761,1
888,-0.6835220907161006,0.8043926264089536,1
889,-0.5837221266173087,0.7186605084118862,1
890,-0.5270865526948217,0.7686268344897528,1
891,-0.5510527578070852,0.8286976428167604,1
892,-0.5774925941849133,0.7786779812995327,1
893,-0.5166466989793016,0.7383329245253559,1
894,-0.5014541228716488,0.7749153597142712,1
895,-0.47521283516290946,0.7809137835197921,1
896,-0.5435785322352537,0.7565914753553015,1
897,-0.6201580470951121,0.7715240785505884,1
898,-0.5837477177475947,0.961047965154829,1
899,-0.47271736518678525,0.8610230634892583,1
900,-0.669987532299529,0.7790991165308389,1
901,-0.5463290663189838,0.882026630474959,1
902,-0.6174096407331071,0.7826011490589534,1
903,-0.5700577723485388,0.9369151916645752,1
904,-0.43992089983397825,0.8601541556747544,1
905,-0.5434675514164475,0.8160143673807231,1
906,-0.5527229214460276,0.8750382158531482,1
907,-0.688119260451063,0.6766680064023012,1
908,-0.47225351889090583,0.7245349918817299,1
909,-0.4770540534340833,0.721242237408012,1
910,-0.31997917090683703,0.8583187935063207,1
911,-0.5617634236246206,1.0206323425779051,1
912,-0.5037305198649273,1.0738336956968244,1
913,-0.49534634361050367,0.9177979780757963,1
914,-0.35715796226446583,0.9073327205747621,1
915,-0.5190310535225686,0.6803639943328336,1
916,-0.4761774032142914,0.809389844527858,1
917,-0.4378480202693379,0.7880321420615688,1
918,-0.47451514958383934,0.8078447614404476,1
919,-0.5323383052686879,0.856199731302709,1
920,-0.4627855345122178,0.8288551131512449,1
921,-0.3693118744604507,0.6811495928550498,1
922,-0.5737882390241248,0.9568512284065642,1
923,-0.45228276437927006,0.7777316371477064,1
924,-0.5300164188925285,0.9118413545587879,1
925,-0.3349060835523938,1.0982005399070254,1
926,-0.6011178706788399,0.8016941811647698,1
927,-0.4990620453712856,0.6434089056897483,1
928,-0.3998018229504525,0.8706067927078256,1
929,-0.2753064500898641,1.0120371650612663,1
930,-0.43275263847973444,1.1004742552338573,1
931,-0.47599946593853504,0.7843470734638023,1
932,-0.22664907416134847,0.9595985878544088,1
933,-0.5538350319823713,0.8659882580962703,1
934,-0.62316691814599,0.9044790097303722,1
935,-0.35352160507858066,1.1820265233410696,1
936,-0.441949475155659,0.7697772017514757,1
937,-0.4880728407084003,0.9478938509819259,1
938,-0.309304153393662,0.9716983597968681,1
939,-0.3499349285468993,1.035880245148567,1
940,-0.4248832578839235,0.9394358164298664,1
941,-0.49065165364875674,0.962741669453584,1
942,-0.2695069555862181,0.8950340082267404,1
943,-0.28584993305546486,0.9633368541159029,1
944,-0.35489112017252966,0.904293184994048,1
945,-0.15439967088990914,1.002920725050216,1
946,-0.44014827137467377,0.9059164118567204,1
947,-0.47975555795024605,0.9826640965027468,1
948,-0.3904441506722692,0.9440670075051651,1
949,-0.3198495402110529,1.0616000851550753,1
950,-0.28498211645659993,0.9458199191814766,1
951,-0.3274525542602603,0.7755826587405583,1
952,-0.2621242970157429,1.0809669760002527,1
953,-0.4164729056945924,0.8660527478361757,1
954,-0.14092010566672422,0.8930626544504265,1
955,-0.28747800113208777,0.9006485559733399,1
956,-0.16148857044965353,1.0993959081966365,1
957,-0.23289008149675183,0.7500840386955389,1
958,-0.21542118849671035,1.2790875551630028,1
959,-0.19804334837709103,1.0725414391826034,1
960,-0.20416269846516072,0.9908444567394757,1
961,-0.17856490939183295,0.964577660196272,1
962,-0.10381595727843729,1.000130589380526,1
963,-0.21096375377229343,1.0251571134177577,1
964,-0.1535910328787221,1.0389976267710888,1
965,-0.22733163567336845,1.0314291646694809,1
966,-0.06820436463756141,0.9861808332949503,1
967,-0.27370494161761993,0.9588043138836869,1
968,-0.019813141933723882,0.9646875099053781,1
969,-0.19775654630133246,0.9615619337008998,1
970,-0.3306441635876429,1.0956288870284543,1
971,-0.1685746943815727,1.0427678098817048,1
972,-0.2433016089993581,0.6904946333085137,1
973,-0.08493646542297727,1.0512059880006845,1
974,-0.22806091009533364,1.0061329550263693,1
975,-0.20120810745003637,0.9857928554755534,1
976,-0.3393288949084901,0.949777212004534,1
977,-0.18938456299286674,1.1019665479471732,1
978,-0.3803152706355496,1.0851949965991103,1
979,-0.29008557118419676,0.9140024787554943,1
980,-0.049416564565866725,1.032804156573622,1
981,-0.04063579287109102,0.8957026919132951,1
982,-0.07042311525057685,0.8556367111408099,1
983,-0.20341507968428119,0.9316176632757163,1
984,-0.1052329734663665,1.0811802596222047,1
985,-0.09456249023668413,1.0908655863322831,1
986,-0.20377537733031617,1.0474344117608723,1
987,0.06866772831350819,1.0691688322801527,1
988,0.012334164475164847,1.048771040939542,1
989,-0.09122546197775125,0.9334595665872274,1
990,-0.06016470614502965,1.0412150317278053,1
991,-0.03573676838903748,1.0784393017851512,1
992,-0.2544680572057961,1.074163560240158,1
993,-0.0687298402744418,1.1179223351027687,1
994,-0.10592631747849796,1.0701184343404464,1
995,-0.13160419190861267,1.0346503928397799,1
996,-0.05326527467797233,1.1066985805781764,1
997,0.16090134790048458,0.9971698706375671,1
998,0.05150566828795887,0.9117334209343537,1
999,-0.06340733229434808,0.9836735249243068,1
1000,0.05725827813561562,0.9255097355193551,1
