timestamp,x,y
2024-08-27 16:47:32.974459,0.0,1.0
2024-08-27 16:47:33.974459,0.020018682705473478,0.9997996060925097
2024-08-27 16:47:34.974459,0.04002934216684664,0.9991985046854751
2024-08-27 16:47:35.974459,0.06002395835563764,0.9981969366930158
2024-08-27 16:47:36.974459,0.0799945176733128,0.996795303531379
2024-08-27 16:47:37.974459,0.09993301616303925,0.994994166958057
2024-08-27 16:47:38.974459,0.11983146271757329,0.9927942488466414
2024-08-27 16:47:39.974459,0.13968188228199885,0.9901964308975052
2024-08-27 16:47:40.974459,0.1594763190500322,0.9872017542844281
2024-08-27 16:47:41.974459,0.17920683965261233,0.9838114192373063
2024-08-27 16:47:42.974459,0.19886553633749854,0.9800267845611155
2024-08-27 16:47:43.974459,0.21844453013860113,0.975849367091318
2024-08-27 16:47:44.974459,0.23793597403377498,0.9712808410859337
2024-08-27 16:47:45.974459,0.2573320560898106,0.9663230375545181
2024-08-27 16:47:46.974459,0.2766250025933614,0.9609779435243156
2024-08-27 16:47:47.974459,0.2958070811665539,0.9552477012438836
2024-08-27 16:47:48.974459,0.3148706038660299,0.9491346073245047
2024-08-27 16:47:49.974459,0.33380793026418076,0.9426411118197338
2024-08-27 16:47:50.974459,0.35261147051133784,0.9357698172434458
2024-08-27 16:47:51.974459,0.37127368837769165,0.92852347752678
2024-08-27 16:47:52.974459,0.38978710427372076,0.9209049969143981
2024-08-27 16:47:53.974459,0.4081442982479204,0.9129174288004982
2024-08-27 16:47:54.974459,0.42633791296062845,0.9045639745050515
2024-08-27 16:47:55.974459,0.44436065663275764,0.895847981990753
2024-08-27 16:47:56.974459,0.46220530596825166,0.8867729445211975
2024-08-27 16:47:57.974459,0.4798647090490943,0.8773424992608235
2024-08-27 16:47:58.974459,0.49733178820171076,0.8675604258171812
2024-08-27 16:47:59.974459,0.5145995428336135,0.857430644726112
2024-08-27 16:48:00.974459,0.5316610522391539,0.8469572158804456
2024-08-27 16:48:01.974459,0.5485094783732571,0.8361443369028444
2024-08-27 16:48:02.974459,0.565138068592027,0.8249963414634476
2024-08-27 16:48:03.974459,0.5815401583591235,0.8135176975429886
2024-08-27 16:48:04.974459,0.5977091739168279,0.8017130056420834
2024-08-27 16:48:05.974459,0.6136386349207242,0.7895869969374053
2024-08-27 16:48:06.974459,0.629322157036943,0.7771445313854877
2024-08-27 16:48:07.974459,0.6447534545009241,0.7643905957749119
2024-08-27 16:48:08.974459,0.6599263426366746,0.7513303017276638
2024-08-27 16:48:09.974459,0.6748347403355116,0.7379688836504577
2024-08-27 16:48:10.974459,0.6894726724932966,0.7243116966368495
2024-08-27 16:48:11.974459,0.7038342724051841,0.7103642143209813
2024-08-27 16:48:12.974459,0.717913784116926,0.6961320266838151
2024-08-27 16:48:13.974459,0.7317055647317872,0.6816208378127362
2024-08-27 16:48:14.974459,0.7452040866721503,0.6668364636154251
2024-08-27 16:48:15.974459,0.7584039398949015,0.6517848294889124
2024-08-27 16:48:16.974459,0.7712998340597097,0.6364719679447511
2024-08-27 16:48:17.974459,0.78388660064933,0.620904016191261
2024-08-27 16:48:18.974459,0.7961591950410837,0.6050872136738089
2024-08-27 16:48:19.974459,0.8081126985286801,0.5890278995741157
2024-08-27 16:48:20.974459,0.8197423202935751,0.5727325102695897
2024-08-27 16:48:21.974459,0.8310433993250725,0.5562075767537044
2024-08-27 16:48:22.974459,0.8420114062884005,0.5394597220184562
2024-08-27 16:48:23.974459,0.8526419453400135,0.5224956583999503
2024-08-27 16:48:24.974459,0.8629307558893927,0.5053221848881775
2024-08-27 16:48:25.974459,0.8728737143066395,0.487946184402062
2024-08-27 16:48:26.974459,0.8824668355751754,0.470374621030872
2024-08-27 16:48:27.974459,0.8917062748888882,0.4526145372430967
2024-08-27 16:48:28.974459,0.9005883291930838,0.4346730510639113
2024-08-27 16:48:29.974459,0.9091094386686253,0.41655735322235904
2024-08-27 16:48:30.974459,0.9172661881586643,0.3982747042693947
2024-08-27 16:48:31.974459,0.9250553085373958,0.37983243166794417
2024-08-27 16:48:32.974459,0.9324736780202824,0.3612379268561467
2024-08-27 16:48:33.974459,0.9395183234152282,0.3424986422849564
2024-08-27 16:48:34.974459,0.9461864213141984,0.323622088431291
2024-08-27 16:48:35.974459,0.9524752992248057,0.3046158307879237
2024-08-27 16:48:36.974459,0.9583824366414136,0.2854874868313264
2024-08-27 16:48:37.974459,0.9639054660553243,0.2662447229686777
2024-08-27 16:48:38.974459,0.9690421739036469,0.24689525146526026
2024-08-27 16:48:39.974459,0.9737905014564666,0.227446827353479
2024-08-27 16:48:40.974459,0.9781485456419587,0.20790724532473845
2024-08-27 16:48:41.974459,0.9821145598091165,0.18828433660542557
2024-08-27 16:48:42.974459,0.9856869544277879,0.16858596581824956
2024-08-27 16:48:43.974459,0.9888642977257392,0.14882002783019682
2024-08-27 16:48:44.974459,0.9916453162624927,0.1289944445883647
2024-08-27 16:48:45.974459,0.9940288954397057,0.10911716194494135
2024-08-27 16:48:46.974459,0.9960140799478878,0.08919614647260522
2024-08-27 16:48:47.974459,0.9976000741492778,0.06923938227161965
2024-08-27 16:48:48.974459,0.998786242396725,0.04925486776990282
2024-08-27 16:48:49.974459,0.9995721092884493,0.02925061251735534
2024-08-27 16:48:50.974459,0.9999573598585764,0.009234633975730188
2024-08-27 16:48:51.974459,0.9999418397033719,-0.010785045694668245
2024-08-27 16:48:52.974459,0.9995255550431251,-0.030800402850168246
2024-08-27 16:48:53.974459,0.9987086727196554,-0.05080341557950963
2024-08-27 16:48:54.974459,0.9974915201294441,-0.07078606691892712
2024-08-27 16:48:55.974459,0.9958745850924186,-0.09074034806525312
2024-08-27 16:48:56.974459,0.993858515656439,-0.11065826158574746
2024-08-27 16:48:57.974459,0.9914441198375697,-0.1305318246233713
2024-08-27 16:48:58.974459,0.9886323652962354,-0.15035307209621893
2024-08-27 16:48:59.974459,0.985424378949395,-0.17011405988982548
2024-08-27 16:49:00.974459,0.9818214465188868,-0.1898068680410713
2024-08-27 16:49:01.974459,0.9778250120161273,-0.20942360391240664
2024-08-27 16:49:02.974459,0.9734366771633683,-0.22895640535512457
2024-08-27 16:49:03.974459,0.9686582007517472,-0.2483974438604144
2024-08-27 16:49:04.974459,0.9634914979363838,-0.2677389276969327
2024-08-27 16:49:05.974459,0.9579386394688101,-0.28697310503363405
2024-08-27 16:49:06.974459,0.9520018508670381,-0.3060922670466108
2024-08-27 16:49:07.974459,0.9456835115235998,-0.32508875100869544
2024-08-27 16:49:08.974459,0.9389861537519146,-0.3439549433605886
2024-08-27 16:49:09.974459,0.9319124617713703,-0.36268328276228046
2024-08-27 16:49:10.974459,0.9244652706315194,-0.38126626312354406
2024-08-27 16:49:11.974459,0.9166475650758267,-0.3996964366122846
2024-08-27 16:49:12.974459,0.9084624783454199,-0.41796641663953993
2024-08-27 16:49:13.974459,0.8999132909233253,-0.43606888081993483
2024-08-27 16:49:14.974459,0.8910034292196894,-0.4539965739064049
2024-08-27 16:49:15.974459,0.8817364641985166,-0.4717423106980103
2024-08-27 16:49:16.974459,0.8721161099464688,-0.4892989789196772
2024-08-27 16:49:17.974459,0.8621462221843063,-0.5066595420727107
2024-08-27 16:49:18.974459,0.8518307967215606,-0.5238170422549377
2024-08-27 16:49:19.974459,0.8411739678550638,-0.5407646029493499
2024-08-27 16:49:20.974459,0.8301800067119719,-0.5574954317801271
2024-08-27 16:49:21.974459,0.8188533195379493,-0.5740028232349395
2024-08-27 16:49:22.974459,0.8071984459311994,-0.5902801613524349
2024-08-27 16:49:23.974459,0.7952200570230491,-0.6063209223738354
2024-08-27 16:49:24.974459,0.7829229536058158,-0.6221186773575808
2024-08-27 16:49:25.974459,0.7703120642087087,-0.6376670947559693
2024-08-27 16:49:26.974459,0.7573924431225341,-0.6529599429527656
2024-08-27 16:49:27.974459,0.7441692683739977,-0.6679910927607561
2024-08-27 16:49:28.974459,0.730647839650414,-0.6827545198782524
2024-08-27 16:49:29.974459,0.7168335761756565,-0.6972443073035587
2024-08-27 16:49:30.974459,0.7027320145381988,-0.7114546477064331
2024-08-27 16:49:31.974459,0.6883488064721175,-0.7253798457555953
2024-08-27 16:49:32.974459,0.6736897165919457,-0.7390143204013464
2024-08-27 16:49:33.974459,0.6587606200822861,-0.7523526071123844
2024-08-27 16:49:34.974459,0.6435675003431085,-0.7653893600659228
2024-08-27 16:49:35.974459,0.628116446591676,-0.7781193542902312
2024-08-27 16:49:36.974459,0.6124136514220605,-0.7905374877587393
2024-08-27 16:49:37.974459,0.5964654083232273,-0.8026387834348685
2024-08-27 16:49:38.974459,0.5802781091566808,-0.8144183912667661
2024-08-27 16:49:39.974459,0.5638582415946842,-0.8258715901311479
2024-08-27 16:49:40.974459,0.5472123865200802,-0.8369937897254665
2024-08-27 16:49:41.974459,0.5303472153887524,-0.8477805324076487
2024-08-27 16:49:42.974459,0.5132694875557879,-0.8582274949826642
2024-08-27 16:49:43.974459,0.49598604756640985,-0.8683304904352093
2024-08-27 16:49:44.974459,0.47850382241276673,-0.8780854696078118
2024-08-27 16:49:45.974459,0.460829818757679,-0.8874885228236841
2024-08-27 16:49:46.974459,0.4429711201264534,-0.8965358814536735
2024-08-27 16:49:47.974459,0.4249348840678928,-0.9052239194266833
2024-08-27 16:49:48.974459,0.4067283392856377,-0.913549154682958
2024-08-27 16:49:49.974459,0.38835878274098956,-0.92150825056965
2024-08-27 16:49:50.974459,0.36983357672837813,-0.9290980171781096
2024-08-27 16:49:51.974459,0.35116014592464334,-0.9363154126223616
2024-08-27 16:49:52.974459,0.3323459744133151,-0.943157544258256
2024-08-27 16:49:53.974459,0.3133986026850842,-0.9496216698428047
2024-08-27 16:49:54.974459,0.2943256246156651,-0.9557051986332389
2024-08-27 16:49:55.974459,0.2751346844222635,-0.9614056924253472
2024-08-27 16:49:56.974459,0.255833473599867,-0.9667208665306786
2024-08-27 16:49:57.974459,0.23642972783858748,-0.971648590692217
2024-08-27 16:49:58.974459,0.2169312239232911,-0.9761868899381629
2024-08-27 16:49:59.974459,0.19734577661675742,-0.9803339453734777
2024-08-27 16:50:00.974459,0.17768123552761786,-0.9840880949088752
2024-08-27 16:50:01.974459,0.15794548196432814,-0.9874478339269656
2024-08-27 16:50:02.974459,0.1381464257764359,-0.990411815885289
2024-08-27 16:50:03.974459,0.11829200218440933,-0.992978852855993
2024-08-27 16:50:04.974459,0.0983901685992976,-0.9951479160019387
2024-08-27 16:50:05.974459,0.07844890143349738,-0.9969181359890477
2024-08-27 16:50:06.974459,0.058476192903904,-0.998288803334719
2024-08-27 16:50:07.974459,0.03848004782872828,-0.9992593686921823
2024-08-27 16:50:08.974459,0.018468480419262932,-0.9998294430706686
2024-08-27 16:50:09.974459,-0.0015504889321156558,-0.9999987979913133
2024-08-27 16:50:10.974459,-0.02156883686642299,-0.9997673655787278
2024-08-27 16:50:11.974459,-0.04157854027373096,-0.9991352385882032
2024-08-27 16:50:12.974459,-0.06157157950873254,-0.9981026703685347
2024-08-27 16:50:13.974459,-0.08153994160491836,-0.9966700747604829
2024-08-27 16:50:14.974459,-0.10147562348607424,-0.9948380259309113
2024-08-27 16:50:15.974459,-0.12137063517381935,-0.9926072581426673
2024-08-27 16:50:16.974459,-0.14121700298989034,-0.9899786654602983
2024-08-27 16:50:17.974459,-0.16100677275189493,-0.9869533013917222
2024-08-27 16:50:18.974459,-0.1807320129612512,-0.9835323784659934
2024-08-27 16:50:19.974459,-0.20038481798203567,-0.9797172677473366
2024-08-27 16:50:20.974459,-0.21995731120946585,-0.9755094982856406
2024-08-27 16:50:21.974459,-0.23944164822674738,-0.9709107565036338
2024-08-27 16:50:22.974459,-0.2588300199490208,-0.9659228855209868
2024-08-27 16:50:23.974459,-0.2781146557531474,-0.9605478844156122
2024-08-27 16:50:24.974459,-0.29728782659208064,-0.9547879074224584
2024-08-27 16:50:25.974459,-0.31634184809257376,-0.9486452630701189
2024-08-27 16:50:26.974459,-0.3352690836349829,-0.9421224132556018
2024-08-27 16:50:27.974459,-0.35406194741393143,-0.9352219722576317
2024-08-27 16:50:28.974459,-0.3727129074786082,-0.9279467056888787
2024-08-27 16:50:29.974459,-0.3912144887514815,-0.9202995293875342
2024-08-27 16:50:30.974459,-0.4095592760242194,-0.9122835082486789
2024-08-27 16:50:31.974459,-0.4277399169296145,-0.9039018549959097
2024-08-27 16:50:32.974459,-0.4457491248883234,-0.8951579288937198
2024-08-27 16:50:33.974459,-0.4635796820292388,-0.886055234401146
2024-08-27 16:50:34.974459,-0.48122444208232434,-0.8765974197672245
2024-08-27 16:50:35.974459,-0.4986763332427524,-0.8667882755688169
2024-08-27 16:50:36.974459,-0.5159283610051977,-0.8566317331913933
2024-08-27 16:50:37.974459,-0.532973610967149,-0.8461318632533809
2024-08-27 16:50:38.974459,-0.5498052516001186,-0.8352928739747097
2024-08-27 16:50:39.974459,-0.5664165369876345,-0.8241191094902093
2024-08-27 16:50:40.974459,-0.5828008095289223,-0.8126150481085326
2024-08-27 16:50:41.974459,-0.5989515026071901,-0.8007853005173041
2024-08-27 16:50:42.974459,-0.6148621432214486,-0.7886346079352128
2024-08-27 16:50:43.974459,-0.6305263545808111,-0.776167840211789
2024-08-27 16:50:44.974459,-0.6459378586602335,-0.7633899938756286
2024-08-27 16:50:45.974459,-0.6610904787166701,-0.7503061901318446
2024-08-27 16:50:46.974459,-0.6759781417646376,-0.7369216728095515
2024-08-27 16:50:47.974459,-0.6905948810101925,-0.723241806260201
2024-08-27 16:50:48.974459,-0.7049348382423506,-0.7092720732076169
2024-08-27 16:50:49.974459,-0.7189922661809858,-0.6950180725505852
2024-08-27 16:50:50.974459,-0.7327615307802704,-0.6804855171188839
2024-08-27 16:50:51.974459,-0.7462371134867317,-0.6656802313836507
2024-08-27 16:50:52.974459,-0.7594136134510215,-0.650608149123005
2024-08-27 16:50:53.974459,-0.7722857496925096,-0.6352753110438641
2024-08-27 16:50:54.974459,-0.7848483632158377,-0.6196878623608989
2024-08-27 16:50:55.974459,-0.7970964190785815,-0.6038520503336081
2024-08-27 16:50:56.974459,-0.8090250084091939,-0.5877742217624925
2024-08-27 16:50:57.974459,-0.8206293503744214,-0.5714608204453347
2024-08-27 16:50:58.974459,-0.8319047940954033,-0.5549183845946037
2024-08-27 16:50:59.974459,-0.8428468205116879,-0.5381535442170186
2024-08-27 16:51:00.974459,-0.8534510441924164,-0.5211730184563225
2024-08-27 16:51:01.974459,-0.8637132150939499,-0.5039836129003326
2024-08-27 16:51:02.974459,-0.8736292202632362,-0.4865922168533422
2024-08-27 16:51:03.974459,-0.8831950854862299,-0.4690058005749727
2024-08-27 16:51:04.974459,-0.89240697688071,-0.4512314124865775
2024-08-27 16:51:05.974459,-0.9012612024328527,-0.4332761763463212
2024-08-27 16:51:06.974459,-0.9097542134769456,-0.41514728839406395
2024-08-27 16:51:07.974459,-0.9178826061176496,-0.3968520144671961
2024-08-27 16:51:08.974459,-0.9256431225942391,-0.37839768708857935
2024-08-27 16:51:09.974459,-0.9330326525862722,-0.3597917025277606
2024-08-27 16:51:10.974459,-0.9400482344601698,-0.3410415178366376
2024-08-27 16:51:11.974459,-0.9466870564562017,-0.32215464786076325
2024-08-27 16:51:12.974459,-0.9529464578154061,-0.3031386622274869
2024-08-27 16:51:13.974459,-0.9588239298459892,-0.28400118231214033
2024-08-27 16:51:14.974459,-0.9643171169287782,-0.2647498781834829
2024-08-27 16:51:15.974459,-0.969423817461325,-0.24539246552963195
2024-08-27 16:51:16.974459,-0.9741419847402814,-0.22593670256570872
2024-08-27 16:51:17.974459,-0.9784697277816927,-0.20639038692444023
2024-08-27 16:51:18.974459,-0.9824053120788818,-0.1867613525309633
2024-08-27 16:51:19.974459,-0.9859471602976175,-0.16705746646308267
2024-08-27 16:51:20.974459,-0.9890938529082913,-0.1472866257982421
2024-08-27 16:51:21.974459,-0.9918441287548472,-0.127456754448472
2024-08-27 16:51:22.974459,-0.9941968855602381,-0.10757579998458197
2024-08-27 16:51:23.974459,-0.9961511803682048,-0.08765173045087134
2024-08-27 16:51:24.974459,-0.9977062299212015,-0.06769253117163404
2024-08-27 16:51:25.974459,-0.9988614109743155,-0.04770620155073795
2024-08-27 16:51:26.974459,-0.9996162605450567,-0.02770075186556132
2024-08-27 16:51:27.974459,-0.9999704760989149,-0.007684200056571172
2024-08-27 16:51:28.974459,-0.9999239156706125,0.012335431486169522
2024-08-27 16:51:29.974459,-0.9994765979210014,0.03235011913827803
2024-08-27 16:51:30.974459,-0.9986287021295855,0.052351841256822754
2024-08-27 16:51:31.974459,-0.9973805681226662,0.07233258139529994
2024-08-27 16:51:32.974459,-0.9957326961371449,0.09228433151652779
2024-08-27 16:51:33.974459,-0.993685746620034,0.1121990952021702
2024-08-27 16:51:34.974459,-0.9912405399637579,0.13206889085760373
2024-08-27 16:51:35.974459,-0.9883980561773497,0.15188575491084352
2024-08-27 16:51:36.974459,-0.9851594344936749,0.17164174500424595
2024-08-27 16:51:37.974459,-0.981525972912842,0.19132894317770865
2024-08-27 16:51:38.974459,-0.9774991276819787,0.2109394590420926
2024-08-27 16:51:39.974459,-0.9730805127115864,0.2304654329415939
2024-08-27 16:51:40.974459,-0.968271898928704,0.249899039103798
2024-08-27 16:51:41.974459,-0.963075213567143,0.2692324887761539
2024-08-27 16:51:42.974459,-0.9574925393950745,0.28845803334761144
2024-08-27 16:51:43.974459,-0.9515261138802816,0.30756796745417003
2024-08-27 16:51:44.974459,-0.9451783282934096,0.3265546320670946
2024-08-27 16:51:45.974459,-0.938451726749574,0.34541041756256124
2024-08-27 16:51:46.974459,-0.9313490051887097,0.36412776677150144
2024-08-27 16:51:47.974459,-0.9238730102950713,0.3826991780084235
2024-08-27 16:51:48.974459,-0.9160267383563173,0.4011172080779968
2024-08-27 16:51:49.974459,-0.9078133340626338,0.41937447525819327
2024-08-27 16:51:50.974459,-0.8992360892463809,0.43746366225879246
2024-08-27 16:51:51.974459,-0.8902984415627674,0.45537751915406155
2024-08-27 16:51:52.974459,-0.8810039731120792,0.47310886628843757
2024-08-27 16:51:53.974459,-0.8713564090040183,0.4906505971540459
2024-08-27 16:51:54.974459,-0.8613596158647234,0.507995681238902
2024-08-27 16:51:55.974459,-0.8510176002870735,0.5251371668446547
2024-08-27 16:51:56.974459,-0.8403345072248946,0.5420681838727427
2024-08-27 16:51:57.974459,-0.8293146183317122,0.5587819465778459
2024-08-27 16:51:58.974459,-0.8179623502447171,0.5752717562875295
2024-08-27 16:51:59.974459,-0.8062822528146311,0.5915310040869906
2024-08-27 16:52:00.974459,-0.7942790072821819,0.6075531734678304
2024-08-27 16:52:01.974459,-0.7819574244019192,0.6233318429397915
2024-08-27 16:52:02.974459,-0.7693224425141225,0.6388606886044129
2024-08-27 16:52:03.974459,-0.7563791255655751,0.6541334866895716
2024-08-27 16:52:04.974459,-0.7431326610799953,0.6691441160438945
2024-08-27 16:52:05.974459,-0.7295883580789406,0.6838865605900408
2024-08-27 16:52:06.974459,-0.7157516449540161,0.6983549117358737
2024-08-27 16:52:07.974459,-0.7016280672912418,0.7125433707425511
2024-08-27 16:52:08.974459,-0.6872232856484488,0.7264462510485896
2024-08-27 16:52:09.974459,-0.6725430732865969,0.7400579805489697
2024-08-27 16:52:10.974459,-0.6575933138559222,0.7533731038283664
2024-08-27 16:52:11.974459,-0.6423799990378414,0.7663862843476147
2024-08-27 16:52:12.974459,-0.6269092261435589,0.7790923065825283
2024-08-27 16:52:13.974459,-0.6111871956703392,0.7914860781142183
2024-08-27 16:52:14.974459,-0.5952202088164227,0.8035626316700735
2024-08-27 16:52:15.974459,-0.5790146649555823,0.8153171271145816
2024-08-27 16:52:16.974459,-0.5625770590723327,0.8267448533891972
2024-08-27 16:52:17.974459,-0.5459139791588192,0.8378412304004764
2024-08-27 16:52:18.974459,-0.5290321035744314,0.848601810855723
2024-08-27 16:52:19.974459,-0.5119381983691974,0.8590222820454079
2024-08-27 16:52:20.974459,-0.49463911457203386,0.8690984675716523
2024-08-27 16:52:21.974459,-0.47714178544493707,0.8788263290220757
2024-08-27 16:52:22.974459,-0.45945322370421593,0.8882019675883429
2024-08-27 16:52:23.974459,-0.4415805187098806,0.897221625628759
2024-08-27 16:52:24.974459,-0.4235308336243135,0.9058816881742858
2024-08-27 16:52:25.974459,-0.40531140254136117,0.9141786843773785
2024-08-27 16:52:26.974459,-0.3869295275869976,0.9221092889030578
2024-08-27 16:52:27.974459,-0.368392575992721,0.9296703232616642
2024-08-27 16:52:28.974459,-0.34970797714285723,0.9368587570827583
2024-08-27 16:52:29.974459,-0.33088321959695305,0.9436717093296559
2024-08-27 16:52:30.974459,-0.31192584808845286,0.9501064494541122
2024-08-27 16:52:31.974459,-0.29284346050086135,0.9561603984906928
2024-08-27 16:52:32.974459,-0.27364370482260436,0.9618311300903913
2024-08-27 16:52:33.974459,-0.2543342760818083,0.9671163714930807
2024-08-27 16:52:34.974459,-0.23492291326222678,0.9720140044384074
2024-08-27 16:52:35.974459,-0.21541739620154998,0.9765220660147647
2024-08-27 16:52:36.974459,-0.1958255424733408,0.9806387494460036
2024-08-27 16:52:37.974459,-0.17615520425384631,0.9843624048155667
2024-08-27 16:52:38.974459,-0.15641426517494147,0.9876915397277548
2024-08-27 16:52:39.974459,-0.13661063716446536,0.9906248199058606
2024-08-27 16:52:40.974459,-0.11675225727521701,0.9931610697269309
2024-08-27 16:52:41.974459,-0.09684708450388128,0.9952992726929414
2024-08-27 16:52:42.974459,-0.07690309660116,0.9970385718381976
2024-08-27 16:52:43.974459,-0.05692828687438669,0.9983782700727953
2024-08-27 16:52:44.974459,-0.03693066098390641,0.9993178304620066
2024-08-27 16:52:45.974459,-0.016918233734504608,0.9998568764414758
2024-08-27 16:52:46.974459,0.0031009741368289816,0.9999951919681428
2024-08-27 16:52:47.974459,0.02311893917551396,0.9997327216068297
2024-08-27 16:52:48.974459,0.04312763842508212,0.9990695705524593
2024-08-27 16:52:49.974459,0.06311905264268061,0.9980060045878935
2024-08-27 16:52:50.974459,0.0830851695130868,0.9965424499774115
2024-08-27 16:52:51.974459,0.10301798685994655,0.9946794932958676
2024-08-27 16:52:52.974459,0.122909515852949,0.9924178811935996
2024-08-27 16:52:53.974459,0.14275178420965332,0.9897585200971803
2024-08-27 16:52:54.974459,0.16253683939067876,0.986702475846133
2024-08-27 16:52:55.974459,0.182256751786991,0.9832509732657554
2024-08-27 16:52:56.974459,0.20190361789798902,0.979405395676225
2024-08-27 16:52:57.974459,0.22146956349913308,0.9751672843381813
2024-08-27 16:52:58.974459,0.2409467467978376,0.9705383378350073
2024-08-27 16:52:59.974459,0.2603273615763663,0.9655204113920575
2024-08-27 16:53:00.974459,0.27960364032046925,0.9601155161331066
2024-08-27 16:53:01.974459,0.29876785733250744,0.9543258182743158
2024-08-27 16:53:02.974459,0.31781233182781893,0.9481536382560394
2024-08-27 16:53:03.974459,0.3367294310130833,0.9416014498128203
2024-08-27 16:53:04.974459,0.35551157314545223,0.9346718789819483
2024-08-27 16:53:05.974459,0.37415123057121996,0.9273677030509753
2024-08-27 16:53:06.974459,0.3926409327428147,0.9196918494446129
2024-08-27 16:53:07.974459,0.4109732692129035,0.9116473945514562
2024-08-27 16:53:08.974459,0.4291408926044091,0.9032375624910044
2024-08-27 16:53:09.974459,0.44713652155524886,0.8944657238214735
2024-08-27 16:53:10.974459,0.46495294363661654,0.8853353941889172
2024-08-27 16:53:11.974459,0.4825830182436353,0.8758502329181989
2024-08-27 16:53:12.974459,0.5000196794572255,0.8660140415463791
2024-08-27 16:53:13.974459,0.5172559388760387,0.8558307622991054
2024-08-27 16:53:14.974459,0.534284888417324,0.8453044765106167
2024-08-27 16:53:15.974459,0.5510997030856034,0.8344394029879939
2024-08-27 16:53:16.974459,0.5676936437080468,0.8232398963203139
2024-08-27 16:53:17.974459,0.5840600596354499,0.811710445133383
2024-08-27 16:53:18.974459,0.6001923914077344,0.79985567029075
2024-08-27 16:53:19.974459,0.6160841733828986,0.7876803230417214
2024-08-27 16:53:20.974459,0.6317290363283685,0.7751892831171177
2024-08-27 16:53:21.974459,0.6471207099737086,0.7623875567735371
2024-08-27 16:53:22.974459,0.6622530255236697,0.7492802747869088
2024-08-27 16:53:23.974459,0.6771199181305668,0.7358726903961408
2024-08-27 16:53:24.974459,0.6917154293249966,0.722170177197685
2024-08-27 16:53:25.974459,0.7060337094039189,0.7081782269918658
2024-08-27 16:53:26.974459,0.7200690197751465,0.6939024475818338
2024-08-27 16:53:27.974459,0.7338157352573031,0.6793485605260259
2024-08-27 16:53:28.974459,0.7472683463343278,0.6645223988450345
2024-08-27 16:53:29.974459,0.7604214613636209,0.6494299046838043
2024-08-27 16:53:30.974459,0.7732698087369497,0.634077126930093
2024-08-27 16:53:31.974459,0.7858082389932444,0.6184702187901501
2024-08-27 16:53:32.974459,0.7980317268824393,0.6026154353225878
2024-08-27 16:53:33.974459,0.8099353733795317,0.5865191309314288
2024-08-27 16:53:34.974459,0.8215144076480518,0.5701877568193396
2024-08-27 16:53:35.974459,0.8327641889521558,0.5536278584020662
2024-08-27 16:53:36.974459,0.8436802085165754,0.5368460726851113
2024-08-27 16:53:37.974459,0.8542580913336814,0.5198491256037041
2024-08-27 16:53:38.974459,0.8644935979169321,0.5026438293271267
2024-08-27 16:53:39.974459,0.8743826260000092,0.48523707952847966
2024-08-27 16:53:40.974459,0.8839212121809547,0.46763585262098095
2024-08-27 16:53:41.974459,0.8931055335106551,0.4498472029619036
2024-08-27 16:53:42.974459,0.9019319090250327,0.43187826002527613
2024-08-27 16:53:43.974459,0.9103968012203311,0.4137362255444754
2024-08-27 16:53:44.974459,0.918496817470903,0.3954283706258605
2024-08-27 16:53:45.974459,0.9262287113889339,0.37696203283460106
2024-08-27 16:53:46.974459,0.9335893841255551,0.35834461325387124
2024-08-27 16:53:47.974459,0.9405758856128237,0.3395835735185853
2024-08-27 16:53:48.974459,0.947185415746074,0.3206864328248656
2024-08-27 16:53:49.974459,0.9534153255061659,0.30166076491644006
2024-08-27 16:53:50.974459,0.9592631180211793,0.2825141950491783
2024-08-27 16:53:51.974459,0.9647264495671294,0.26325439693498176
2024-08-27 16:53:52.974459,0.9698031305073036,0.24388908966625364
2024-08-27 16:53:53.974459,0.9744911261698403,0.22442603462218058
2024-08-27 16:53:54.974459,0.9787885576632016,0.20487303235806656
2024-08-27 16:53:55.974459,0.9826937026292091,0.18523791947896528
2024-08-27 16:53:56.974459,0.9862049959333445,0.16552856549886447
2024-08-27 16:53:57.974459,0.989321030292037,0.14575286968668053
2024-08-27 16:53:58.974459,0.9920405568366844,0.1259187579003277
2024-08-27 16:53:59.974459,0.9943624856141849,0.10603417941013091
2024-08-27 16:54:00.974459,0.9962858860237777,0.08610710371285508
2024-08-27 16:54:01.974459,0.9978099871900148,0.06614551733762788
2024-08-27 16:54:02.974459,0.9989341782717204,0.046157420645036175
2024-08-27 16:54:03.974459,0.999658008706807,0.026150824620678997
2024-08-27 16:54:04.974459,0.9999811883928561,0.006133747664462163
2024-08-27 16:54:05.974459,0.9999035878033875,-0.013885787623078755
2024-08-27 16:54:06.974459,0.999425238039772,-0.03389975765613894
2024-08-27 16:54:07.974459,0.9985463308187662,-0.05390014107939974
2024-08-27 16:54:08.974459,0.9972672183956746,-0.07387892198289019
2024-08-27 16:54:09.974459,0.9955884134231704,-0.09382809311466599
2024-08-27 16:54:10.974459,0.9935105887458303,-0.11373965909001857
2024-08-27 16:54:11.974459,0.9910345771304667,-0.13360563959592783
2024-08-27 16:54:12.974459,0.9881613709323648,-0.15341807258947524
2024-08-27 16:54:13.974459,0.9848921216975586,-0.17316901748893007
2024-08-27 16:54:14.974459,0.9812281397013057,-0.1928505583562432
2024-08-27 16:54:15.974459,0.9771708934229446,-0.21245480706965494
2024-08-27 16:54:16.974459,0.9727220089573457,-0.23197390648515914
2024-08-27 16:54:17.974459,0.9678832693631935,-0.25140003358555063
2024-08-27 16:54:18.974459,0.9626566139483568,-0.2707254026157953
2024-08-27 16:54:19.974459,0.9570441374926391,-0.28994226820346586
2024-08-27 16:54:20.974459,0.9510480894082158,-0.30904292846299264
2024-08-27 16:54:21.974459,0.9446708728380971,-0.32801972808248553
2024-08-27 16:54:22.974459,0.9379150436929778,-0.3468650613918897
2024-08-27 16:54:23.974459,0.9307833096268595,-0.36557137541124557
2024-08-27 16:54:24.974459,0.9232785289518554,-0.3841311728778309
2024-08-27 16:54:25.974459,0.9154037094926142,-0.4025370152509725
2024-08-27 16:54:26.974459,0.9071620073808202,-0.420781525693323
2024-08-27 16:54:27.974459,0.8985567257902548,-0.4388573920274066
2024-08-27 16:54:28.974459,0.8895913136129238,-0.45675736966625147
2024-08-27 16:54:29.975568,0.8802693640767841,-0.4744742845169315
2024-08-27 16:54:30.975568,0.8705946133056218,-0.49200103585585553
2024-08-27 16:54:31.975568,0.8605709388216588,-0.5093305991746507
2024-08-27 16:54:32.975568,0.8502023579914897,-0.5264560289954999
2024-08-27 16:54:33.975568,0.8394930264159699,-0.5433704616548047
2024-08-27 16:54:34.975568,0.8284472362647014,-0.5600671180540578
2024-08-27 16:54:35.975568,0.8170694145557836,-0.5765393063768237
2024-08-27 16:54:36.975568,0.8053641213815186,-0.5927804247707363
2024-08-27 16:54:37.975568,0.7933360480807813,-0.6087839639934418
2024-08-27 16:54:38.975568,0.7809900153587884,-0.6245435100214232
2024-08-27 16:54:39.975568,0.7683309713550182,-0.6400527466206627
2024-08-27 16:54:40.975568,0.7553639896600567,-0.6553054578781118
2024-08-27 16:54:41.975568,0.7420942672821643,-0.6702955306929531
2024-08-27 16:54:42.975568,0.7285271225643783,-0.6850169572266567
2024-08-27 16:54:43.975568,0.7146679930529857,-0.6994638373108488
2024-08-27 16:54:44.975568,0.7005224333182207,-0.7136303808120272
2024-08-27 16:54:45.975568,0.6860961127280613,-0.7275109099521762
2024-08-27 16:54:46.975568,0.6713948131760149,-0.7410998615843508
2024-08-27 16:54:47.975568,0.6564244267638064,-0.7543917894223188
2024-08-27 16:54:48.975568,0.6411909534398954,-0.7673813662233647
2024-08-27 16:54:49.975568,0.62570049859477,-0.7800633859233853
2024-08-27 16:54:50.975568,0.6099592706139804,-0.7924327657234153
2024-08-27 16:54:51.975568,0.5939735783898942,-0.8044845481267519
2024-08-27 16:54:52.975568,0.577749828793169,-0.8162139029258592
2024-08-27 16:54:53.975568,0.5612945241049564,-0.827616129138256
2024-08-27 16:54:54.975568,0.5446142594108672,-0.8386866568906128
2024-08-27 16:54:55.975568,0.5277157199577415,-0.8494210492503012
2024-08-27 16:54:56.975568,0.510605678474283,-0.859815004003662
2024-08-27 16:54:57.975568,0.49329099245663205,-0.8698643553802805
2024-08-27 16:54:58.975568,0.47577860141996486,-0.8795650757225768
2024-08-27 16:54:59.975568,0.45807552411722,-0.888913277100041
2024-08-27 16:55:00.975568,0.4401888557260682,-0.8979052128674689
2024-08-27 16:55:01.975568,0.42212576500525106,-0.9065372791665721
2024-08-27 16:55:02.975568,0.4038934914214305,-0.9148060163703597
2024-08-27 16:55:03.975568,0.3854993422476983,-0.9227081104697151
2024-08-27 16:55:04.975568,0.3669506896349101,-0.9302403944016105
2024-08-27 16:55:05.975568,0.3482549676570176,-0.937399849318427
2024-08-27 16:55:06.975568,0.3294196693315817,-0.944183605797872
2024-08-27 16:55:07.975568,0.3104523436166627,-0.9505889449930088
2024-08-27 16:55:08.975568,0.29136059238529005,-0.9566132997219372
2024-08-27 16:55:09.975568,0.27215206737872377,-0.9622542554966886
2024-08-27 16:55:10.975568,0.2528344671397304,-0.9675095514909239
2024-08-27 16:55:11.975568,0.2334155339271003,-0.9723770814460441
2024-08-27 16:55:12.975568,0.21390305061264503,-0.9768548945153545
2024-08-27 16:55:13.975568,0.19430483756191702,-0.9809411960459389
2024-08-27 16:55:14.975568,0.17462874949990242,-0.9846343482979356
2024-08-27 16:55:15.975568,0.15488267236294298,-0.9879328711009232
2024-08-27 16:55:16.975568,0.1350745201381488,-0.9908354424471547
2024-08-27 16:55:17.975568,0.11521223169156894,-0.9933408990214025
2024-08-27 16:55:18.975568,0.09530376758639038,-0.9954482366672007
2024-08-27 16:55:19.975568,0.07535710689244143,-0.9971566107892988
2024-08-27 16:55:20.975568,0.055380243988277816,-0.9984653366921652
2024-08-27 16:55:21.975568,0.03538118535713305,-0.9993738898544049
2024-08-27 16:55:22.975568,0.015367946378017567,-0.9998819061389812
2024-08-27 16:55:23.975568,-0.004651451886747496,-0.9999891819391574
2024-08-27 16:55:24.975568,-0.024668985906274383,-0.9996956742601001
2024-08-27 16:55:25.975568,-0.04467663289684211,-0.9990015007361104
2024-08-27 16:55:26.975568,-0.06466637403733042,-0.9979069395834784
2024-08-27 16:55:27.975568,-0.08463019768306558,-0.9964124294889768
2024-08-27 16:55:28.975568,-0.10456010257678999,-0.9945185694340408
2024-08-27 16:55:29.975568,-0.1244481010554685,-0.9922261184547038
2024-08-27 16:55:30.975568,-0.1442862222516465,-0.9895359953373846
2024-08-27 16:55:31.975568,-0.16406651528807645,-0.9864492782506495
2024-08-27 16:55:32.975568,-0.18378105246433263,-0.9829672043130951
2024-08-27 16:55:33.975568,-0.20342193243413678,-0.9790911690975266
2024-08-27 16:55:34.975568,-0.22298128337212153,-0.9748227260716287
2024-08-27 16:55:35.975568,-0.24245126612876203,-0.9701635859753551
2024-08-27 16:55:36.975568,-0.2618240773722115,-0.9651156161352847
2024-08-27 16:55:37.975568,-0.28109195271578163,-0.9596808397162199
2024-08-27 16:55:38.975568,-0.30024716982981414,-0.9538614349103264
2024-08-27 16:55:39.975568,-0.31928205153669653,-0.947659734064141
2024-08-27 16:55:40.975568,-0.338188968887781,-0.9410782227437948
2024-08-27 16:55:41.975568,-0.35696034422097433,-0.9341195387388295
2024-08-27 16:55:42.975568,-0.3755886541977727,-0.9267864710050022
2024-08-27 16:55:43.975568,-0.3940664328185236,-0.9190819585465074
2024-08-27 16:55:44.975568,-0.412386274414708,-0.9110090892380587
2024-08-27 16:55:45.975568,-0.43054083661704173,-0.9025710985873068
2024-08-27 16:55:46.975568,-0.44852284329820785,-0.8937713684380874
2024-08-27 16:55:47.975568,-0.46632508748903956,-0.8846134256150194
2024-08-27 16:55:48.975568,-0.4839404342669859,-0.8751009405099969
2024-08-27 16:55:49.975568,-0.5013618236157016,-0.8652377256111399
2024-08-27 16:55:50.975568,-0.5185822732546157,-0.8550277339747964
2024-08-27 16:55:51.975568,-0.5355948814373445,-0.8444750576412052
2024-08-27 16:55:52.975568,-0.5523928297178271,-0.8335839259944565
2024-08-27 16:55:53.975568,-0.5689693856830763,-0.8223587040674056
2024-08-27 16:55:54.975568,-0.5853179056514467,-0.8108038907922213
2024-08-27 16:55:55.975568,-0.601431837335342,-0.7989241171972685
2024-08-27 16:55:56.975568,-0.6173047224672918,-0.7867241445510489
2024-08-27 16:55:57.975568,-0.6329301993883469,-0.7742088624539423
2024-08-27 16:55:58.975568,-0.648302005597754,-0.7613832868785142
2024-08-27 16:55:59.975568,-0.6634139802628899,-0.7482525581591752
2024-08-27 16:56:00.975568,-0.6782600666884486,-0.7348219389319981
2024-08-27 16:56:01.975568,-0.6928343147438908,-0.7210968120255167
2024-08-27 16:56:02.975568,-0.7071308832481832,-0.7070826783033539
2024-08-27 16:56:03.975568,-0.7211440423108733,-0.6927851544595434
2024-08-27 16:56:04.975568,-0.7348681756285593,-0.6782099707674261
2024-08-27 16:56:05.975568,-0.7482977827358364,-0.6633629687830268
2024-08-27 16:56:06.975568,-0.7614274812098158,-0.64825009900383
2024-08-27 16:56:07.975568,-0.7742520088273352,-0.6328774184838926
2024-08-27 16:56:08.975568,-0.7867662256739923,-0.6172510884062503
2024-08-27 16:56:09.975568,-0.798965116204161,-0.6013773716135914
2024-08-27 16:56:10.975568,-0.8108437912511605,-0.5852626300981846
2024-08-27 16:56:11.975568,-0.8223974899867739,-0.568913322452071
2024-08-27 16:56:12.975568,-0.83362158182933,-0.5523360012785385
2024-08-27 16:56:13.975568,-0.844511568299584,-0.5355373105659186
2024-08-27 16:56:14.975568,-0.8550630848236535,-0.5185239830247562
2024-08-27 16:56:15.975568,-0.8652719024822858,-0.5013028373894224
2024-08-27 16:56:16.975568,-0.8751339297057582,-0.48388077568524773
2024-08-27 16:56:17.975568,-0.8846452139137285,-0.46626478046227504
2024-08-27 16:56:18.975568,-0.8938019430993813,-0.44846191199673846
2024-08-27 16:56:19.975568,-0.9026004473572339,-0.4304793054613907
2024-08-27 16:56:20.975568,-0.9110372003539896,-0.41232416806581274
2024-08-27 16:56:21.975568,-0.9191088207418495,-0.3940037761678519
2024-08-27 16:56:22.975568,-0.9268120735137149,-0.37552547235734673
2024-08-27 16:56:23.975568,-0.9341438712997391,-0.35689666251330593
2024-08-27 16:56:24.975568,-0.9411012756047075,-0.3381248128357225
2024-08-27 16:56:25.975568,-0.9476814979857509,-0.31921744685321196
2024-08-27 16:56:26.975568,-0.9538819011699191,-0.30018214240767344
2024-08-27 16:56:27.975568,-0.9597000001111679,-0.28102652861718314
2024-08-27 16:56:28.975568,-0.9651334629863352,-0.2617582828183368
2024-08-27 16:56:29.975568,-0.9701801121297076,-0.24238512748926658
2024-08-27 16:56:30.975568,-0.9748379249058019,-0.2229148271545662
2024-08-27 16:56:31.975568,-0.9791050345200131,-0.20335518527336374
2024-08-27 16:56:32.975568,-0.9829797307668023,-0.1837140411117906
2024-08-27 16:56:33.975568,-0.9864604607151275,-0.16399926660109904
2024-08-27 16:56:34.975568,-0.9895458293308379,-0.14421876318268798
2024-08-27 16:56:35.975568,-0.9922346000357877,-0.12438045864130173
2024-08-27 16:56:36.975568,-0.9945256952034409,-0.10449230392767035
2024-08-27 16:56:37.975568,-0.9964181965907715,-0.08456226997186553
2024-08-27 16:56:38.975568,-0.9979113457062836,-0.06459834448864887
2024-08-27 16:56:39.975568,-0.9990045441140057,-0.044608528776093254
2024-08-27 16:56:40.975568,-0.9996973536733368,-0.02460083450875996
2024-08-27 16:56:41.975568,-0.9999894967146472,-0.004583280526717204
2024-08-27 16:56:42.975568,-0.9998808561505659,0.015436110378313297
2024-08-27 16:56:43.975568,-0.999371475522907,0.035449314678393476
2024-08-27 16:56:44.975568,-0.9984615589852194,0.05544831132510114
2024-08-27 16:56:45.975568,-0.9971514712209639,0.07542508496426846
2024-08-27 16:56:46.975568,-0.9954417372973532,0.09537162914843822
2024-08-27 16:56:47.975568,-0.9933330424549106,0.11527994954575044
2024-08-27 16:56:48.975568,-0.9908262318328345,0.13514206714397314
2024-08-27 16:56:49.975568,-0.9879223101302766,0.15495002144839326
2024-08-27 16:56:50.975568,-0.984622441203671,0.1746958736722859
2024-08-27 16:56:51.975568,-0.9809279476002747,0.19437170991868327
2024-08-27 16:56:52.975568,-0.9768403100281062,0.2139696443521683
2024-08-27 16:56:53.975568,-0.9723611667624966,0.23348182235942125
2024-08-27 16:56:54.975568,-0.9674923129894882,0.2529004236972531
2024-08-27 16:56:55.975568,-0.9622357000863463,0.27221766562686367
2024-08-27 16:56:56.975568,-0.9565934348394706,0.2914258060330685
2024-08-27 16:56:57.975568,-0.9505677786000206,0.3105171465272444
2024-08-27 16:56:58.975568,-0.9441611463775947,0.32948403553274963
2024-08-27 16:56:59.975568,-0.9373761058723226,0.34831887135158274
2024-08-27 16:57:00.975568,-0.9302153764457628,0.36701410521105027
2024-08-27 16:57:01.975568,-0.922681828031016,0.38556224428922325
2024-08-27 16:57:02.975568,-0.9147784799824903,0.4039558547179686
2024-08-27 16:57:03.975568,-0.9065084998657813,0.42218756456235285
2024-08-27 16:57:04.975568,-0.8978752021881496,0.4402500667752242
2024-08-27 16:57:05.975568,-0.8888820470701078,0.4581361221257877
2024-08-27 16:57:06.975568,-0.8795326388586453,0.4758385621010007
2024-08-27 16:57:07.975568,-0.8698307246826504,0.49335029177862566
2024-08-27 16:57:08.975568,-0.8597801929511072,0.5106642926707887
2024-08-27 16:57:09.975568,-0.8493850717946674,0.5277736255369037
2024-08-27 16:57:10.975568,-0.8386495274512259,0.5446714331648352
2024-08-27 16:57:11.975568,-0.8275778625961426,0.5613509431191863
2024-08-27 16:57:12.975568,-0.8161745146177833,0.5778054704556075
2024-08-27 16:57:13.975568,-0.8044440538390675,0.5940284204000408
2024-08-27 16:57:14.975568,-0.7923911816857393,0.6100132909918257
2024-08-27 16:57:15.975568,-0.7800207288020934,0.6257536756896048
2024-08-27 16:57:16.975568,-0.7673376531149113,0.6412432659389882
2024-08-27 16:57:17.975568,-0.7543470378463851,0.656475853700945
2024-08-27 16:57:18.975568,-0.7410540894768233,0.6714453339399094
2024-08-27 16:57:19.975568,-0.7274641356579576,0.6861457070706051
2024-08-27 16:57:20.975568,-0.7135826230776849,0.7005710813626057
2024-08-27 16:57:21.975568,-0.6994151152771008,0.7147156753016684
2024-08-27 16:57:22.975568,-0.6849672904207003,0.7285738199068945
2024-08-27 16:57:23.975568,-0.670244939020639,0.7421399610027882
2024-08-27 16:57:24.975568,-0.6552539616159657,0.7554086614453017
2024-08-27 16:57:25.975568,-0.6400003664077591,0.7683746033009772
2024-08-27 16:57:26.975568,-0.6244902668511132,0.7810325899783092
2024-08-27 16:57:27.975568,-0.6087298792049393,0.7933775483104749
2024-08-27 16:57:28.975568,-0.5927255200405654,0.8054045305885988
2024-08-27 16:57:29.975568,-0.5764836037101313,0.8171087165447326
2024-08-27 16:57:30.975568,-0.5600106397757941,0.8284854152837609
2024-08-27 16:57:31.975568,-0.5433132304007753,0.8395300671634542
2024-08-27 16:57:32.975568,-0.526398067703294,0.8502382456219187
2024-08-27 16:57:33.975568,-0.509271931074448,0.8606056589517075
2024-08-27 16:57:34.975568,-0.49194168446111575,0.870628152019885
2024-08-27 16:57:35.975568,-0.47441427361497046,0.8803017079333539
2024-08-27 16:57:36.975568,-0.45669672330870736,0.8896224496487766
2024-08-27 16:57:37.975568,-0.4387961345206006,0.8985866415264467
2024-08-27 16:57:38.975568,-0.42071968158851747,0.9071906908274888
2024-08-27 16:57:39.975568,-0.40247460933453105,0.9154311491537835
2024-08-27 16:57:40.975568,-0.38406823016128433,0.9233047138300436
2024-08-27 16:57:41.975568,-0.36550792112126784,0.9308082292274865
2024-08-27 16:57:42.975568,-0.346801120960187,0.9379386880285714
2024-08-27 16:57:43.975568,-0.3279553271356037,0.9446932324322955
2024-08-27 16:57:44.975568,-0.3089780928120466,0.9510691552995661
2024-08-27 16:57:45.975568,-0.2898770238337944,0.9570639012381889
2024-08-27 16:57:46.975568,-0.27065977567654675,0.9626750676270376
2024-08-27 16:57:47.975568,-0.2513340503792026,0.9679004055789957
2024-08-27 16:57:48.975568,-0.23190759345697676,0.9727378208422831
2024-08-27 16:57:49.975568,-0.21238819079709187,0.977185374639806
2024-08-27 16:57:50.975568,-0.19278366553828974,0.9812412844461962
2024-08-27 16:57:51.975568,-0.1731018749354126,0.9849039247022243
2024-08-27 16:57:52.975568,-0.15335070721031102,0.9881718274663053
2024-08-27 16:57:53.975568,-0.1335380783903409,0.9910436830028307
2024-08-27 16:57:54.975568,-0.11367192913571601,0.9935183403070951
2024-08-27 16:57:55.975568,-0.0937602215569882,0.9955948075666046
2024-08-27 16:57:56.975568,-0.07381093602393046,0.9972722525585835
2024-08-27 16:57:57.975568,-0.05383206796710203,0.9985500029835187
2024-08-27 16:57:58.975568,-0.033831624673377164,0.9994275467346093
2024-08-27 16:57:59.975568,-0.013817622076722217,0.9999045321030128
2024-08-27 16:58:00.975568,0.006201918454493086,0.9999807679188054
2024-08-27 16:58:01.975568,0.026218973332362325,0.9996562236276013
2024-08-27 16:58:02.975568,0.04622551996519866,0.9989310293027978
2024-08-27 16:58:03.975568,0.06621353997289178,0.9978054755934437
2024-08-27 16:58:04.975568,0.08617502240057706,0.9962800136077508
2024-08-27 16:58:05.975568,0.1061019669293285,0.9943552547322952
2024-08-27 16:58:06.975568,0.1259863870825892,0.992031970386981
2024-08-27 16:58:07.975568,0.14582031342705376,0.9893110917158646
2024-08-27 16:58:08.975568,0.1655957967667201,0.9861937092139632
2024-08-27 16:58:09.975568,0.18530491132883034,0.9826810722901985
2024-08-27 16:58:10.975568,0.20493975794042396,0.9787745887666478
2024-08-27 16:58:11.975568,0.22449246719422997,0.9744758243143067
2024-08-27 16:58:12.975568,0.2439552026026296,0.9697865018255873
2024-08-27 16:58:13.975568,0.26332016373842665,0.9647085007238032
2024-08-27 16:58:14.975568,0.282579589361157,0.9592438562099211
2024-08-27 16:58:15.975568,0.3017257605277091,0.9533947584468752
2024-08-27 16:58:16.975568,0.32075100368597603,0.9471635516817773
2024-08-27 16:58:17.975568,0.3396476937503228,0.9405527333063718
2024-08-27 16:58:18.975568,0.35840825715762814,0.9335649528561103
2024-08-27 16:58:19.975568,0.37702517490267634,0.9262030109482512
2024-08-27 16:58:20.975568,0.3954909855516826,0.9184698581594057
2024-08-27 16:58:21.975568,0.41379828823274506,0.910368593842983
2024-08-27 16:58:22.975568,0.43193974560202403,0.9019024648870069
2024-08-27 16:58:23.975568,0.4499080867844599,0.8930748644128033
2024-08-27 16:58:24.975568,0.46769611028785135,0.8838893304150774
2024-08-27 16:58:25.975568,0.4852966868891256,0.87434954434393
2024-08-27 16:58:26.975568,0.5027027624916443,0.8644593296293757
2024-08-27 16:58:27.975568,0.5199073609523991,0.8542226501489596
2024-08-27 16:58:28.975568,0.5369035868779656,0.8436436086390834
2024-08-27 16:58:29.975568,0.5536846283880921,0.8327264450506784
2024-08-27 16:58:30.975568,0.5702437598458184,0.821475534849885
2024-08-27 16:58:31.975568,0.5865743445530299,0.809895387264419
2024-08-27 16:58:32.975568,0.6026698374103644,0.7979906434763286
2024-08-27 16:58:33.975568,0.6185237875404084,0.7857660747618643
2024-08-27 16:58:34.975568,0.6341298408731306,0.7732265805792103
2024-08-27 16:58:35.975568,0.6494817426925152,0.7603771866048411
2024-08-27 16:58:36.975568,0.6645733401433764,0.7472230427192915
2024-08-27 16:58:37.975568,0.6793985846973472,0.7337694209431472
2024-08-27 16:58:38.975568,0.6939515345770562,0.7200217133240836
2024-08-27 16:58:39.975568,0.7082263571375196,0.7059854297757983
2024-08-27 16:58:40.975568,0.7222173312037942,0.6916661958697049
2024-08-27 16:58:41.975568,0.7359188493639546,0.6770697505802731
2024-08-27 16:58:42.975568,0.7493254202164753,0.6622019439849167
2024-08-27 16:58:43.975568,0.762431670571118,0.6470687349193547
2024-08-27 16:58:44.975568,0.7752323476024406,0.6316761885893821
2024-08-27 16:58:45.975568,0.7877223209550654,0.6160304741400096
2024-08-27 16:58:46.975568,0.7998965847998631,0.600137862182945
2024-08-27 16:58:47.975568,0.8117502598402285,0.5840047222834089
2024-08-27 16:58:48.975568,0.8232785952676426,0.5676375204072905
2024-08-27 16:58:49.975568,0.834476970665739,0.5510428163296672
2024-08-27 16:58:50.975568,0.8453408978621108,0.5342272610057263
2024-08-27 16:58:51.975568,0.8558660227271147,0.5171975939051439
2024-08-27 16:58:52.975568,0.8660481269189536,0.499960640310987
2024-08-27 16:58:53.975568,0.8758831295743366,0.4825233085842236
2024-08-27 16:58:54.975568,0.8853670889440393,0.4648925873949355
2024-08-27 16:58:55.975568,0.8944962039727082,0.4470755429213447
2024-08-27 16:58:56.975568,0.9032668158222786,0.42907931601777527
2024-08-27 16:58:57.975568,0.9116754093383911,0.41091111935268565
2024-08-27 16:58:58.975568,0.9197186144592233,0.39257823451791946
2024-08-27 16:58:59.975568,0.9273932075661695,0.3740880091103319
2024-08-27 16:59:00.975568,0.9346961127758273,0.3554478537869626
2024-08-27 16:59:01.975568,0.941624403172775,0.3366652392949344
2024-08-27 16:59:02.975568,0.9481753019826424,0.31774769347726933
2024-08-27 16:59:03.975568,0.9543461836850099,0.2987027982558204
2024-08-27 16:59:04.975568,0.9601345750656831,0.27953818659252994
2024-08-27 16:59:05.975568,0.9655381562079285,0.2602615394302314
2024-08-27 16:59:06.975568,0.9705547614222669,0.2408805826142211
2024-08-27 16:59:07.975568,0.9751823801144559,0.22140308379583365
2024-08-27 16:59:08.975568,0.9794191575913112,0.20183684931926169
2024-08-27 16:59:09.975568,0.9832633958040454,0.1821897210928685
2024-08-27 16:59:10.975568,0.9867135540288249,0.16246957344624657
2024-08-27 16:59:11.975568,0.9897682494842734,0.1426843099742823
2024-08-27 16:59:12.975568,0.9924262578856741,0.1228418603694914
2024-08-27 16:59:13.975568,0.9946865139356473,0.1029501772438949
2024-08-27 16:59:14.975568,0.9965481117511096,0.08301723294170893
2024-08-27 16:59:15.975568,0.9980103052263402,0.06305101634412653
2024-08-27 16:59:16.975568,0.999072508332011,0.04305952966747126
2024-08-27 16:59:17.975568,0.9997342953500602,0.023050785256006474
2024-08-27 16:59:18.975568,0.999995401044315,0.0030328023706853438
2024-08-27 16:59:19.975568,0.9998557207667945,-0.0169863960248712
2024-08-27 16:59:20.975568,0.9993153104996522,-0.036998786479880544
2024-08-27 16:59:21.975568,0.9983743868327379,-0.05699634827209968
2024-08-27 16:59:22.975568,0.9970333268767925,-0.07697106662243297
2024-08-27 16:59:23.975568,0.9952926681123053,-0.09691493590715793
2024-08-27 16:59:24.975568,0.9931531081740991,-0.11681996286648168
2024-08-27 16:59:25.975568,0.9906155045717268,-0.13667816980814204
2024-08-27 16:59:26.975568,0.9876808743457911,-0.15648159780476947
2024-08-27 16:59:27.975568,0.9843503936603283,-0.17622230988372806
2024-08-27 16:59:28.975568,0.9806253973314152,-0.19589239420815752
2024-08-27 16:59:29.975568,0.976507378292191,-0.21548396724794097
2024-08-27 16:59:30.975568,0.9719979869945088,-0.23498917693932778
2024-08-27 16:59:31.975568,0.9670990307474535,-0.25440020583194495
2024-08-27 16:59:32.975568,0.9618124729929951,-0.2737092742219362
2024-08-27 16:59:33.975568,0.9561404325190648,-0.29290864326997207
2024-08-27 16:59:34.975568,0.9500851826103706,-0.3119906181028828
2024-08-27 16:59:35.975568,0.9436491501372924,-0.3309475508976697
2024-08-27 16:59:36.975568,0.9368349145832225,-0.34977184394665917
2024-08-27 16:59:37.975568,0.9296452070107394,-0.3684559527025715
2024-08-27 16:59:38.975568,0.9220829089670312,-0.38699238880228354
2024-08-27 16:59:39.975568,0.9141510513290071,-0.4053737230680734
2024-08-27 16:59:40.975568,0.9058528130885587,-0.4235925884851443
2024-08-27 16:59:41.975568,0.8971915200784585,-0.44164168315423424
2024-08-27 16:59:42.975568,0.8881706436394069,-0.4595137732181285
2024-08-27 16:59:43.975568,0.8787937992287612,-0.4772016957609011
2024-08-27 16:59:44.975568,0.8690647449715042,-0.4946983616787247
2024-08-27 16:59:45.975568,0.8589873801540334,-0.5119967585210966
2024-08-27 16:59:46.975568,0.8485657436613747,-0.5290899533013438
2024-08-27 16:59:47.975568,0.8378040123584466,-0.5459710952752791
2024-08-27 16:59:48.975568,0.8267064994160234,-0.5626334186868964
2024-08-27 16:59:49.975568,0.8152776525820691,-0.5790702454800032
2024-08-27 16:59:50.975568,0.8035220523991338,-0.5952749879747038
2024-08-27 16:59:51.975568,0.7914444103685288,-0.6112411515076613
2024-08-27 16:59:52.975568,0.7790495670620136,-0.62696233703508
2024-08-27 16:59:53.975568,0.766342490181754,-0.6424322436973632
2024-08-27 16:59:54.975568,0.7533282725693277,-0.6576446713444218
2024-08-27 16:59:55.975568,0.7400121301645753,-0.6725935230206188
2024-08-27 16:59:56.975568,0.726399399915115,-0.6872728074083542
2024-08-27 16:59:57.975568,0.7124955376373596,-0.7016766412293128
2024-08-27 16:59:58.975568,0.6983061158298911,-0.7157992516024103
2024-08-27 16:59:59.975568,0.6838368214400716,-0.7296349783574932
2024-08-27 17:00:00.975568,0.6690934535847838,-0.7431782763038669
2024-08-27 17:00:01.975568,0.654081921226216,-0.7564237174527397
2024-08-27 17:00:02.975568,0.6388082408036215,-0.7693659931926952
2024-08-27 17:00:03.975568,0.6232785338220039,-0.7819999164173185
2024-08-27 17:00:04.975568,0.6074990243986914,-0.7943204236041259
2024-08-27 17:00:05.975568,0.5914760367687873,-0.8063225768439627
2024-08-27 17:00:06.975568,0.5752159927504934,-0.8180015658200566
2024-08-27 17:00:07.975568,0.558725409171323,-0.8293527097359348
2024-08-27 17:00:08.975568,0.5420108952562367,-0.8403714591914296
2024-08-27 17:00:09.975568,0.525079149978745,-0.8510533980060232
2024-08-27 17:00:10.975568,0.5079369593760416,-0.8613942449887981
2024-08-27 17:00:11.975568,0.49059119382924177,-0.8713898556542871
2024-08-27 17:00:12.975568,0.4730488053098185,-0.8810362238835322
2024-08-27 17:00:13.975568,0.45531682459333594,-0.8903294835296882
2024-08-27 17:00:14.975568,0.4374023584416007,-0.8992659099675276
2024-08-27 17:00:15.975568,0.41931258675435834,-0.9078419215862246
2024-08-27 17:00:16.975568,0.4010547596916768,-0.9160540812248212
2024-08-27 17:00:17.975568,0.3826361947681709,-0.9238990975497997
2024-08-27 17:00:18.975568,0.36406427392023133,-0.9313738263742087
2024-08-27 17:00:19.975568,0.34534644054743485,-0.9384752719178151
2024-08-27 17:00:20.975568,0.32649019652932,-0.9452005880077763
2024-08-27 17:00:21.975568,0.3075030992187256,-0.9515470792193514
2024-08-27 17:00:22.975568,0.2883927584128955,-0.957512201956195
2024-08-27 17:00:23.975568,0.26916683330356495,-0.9630935654697994
2024-08-27 17:00:24.975568,0.2498330294072494,-0.9682889328176774
2024-08-27 17:00:25.975568,0.23039909547696777,-0.9730962217599013
2024-08-27 17:00:26.975568,0.2108728203966364,-0.9775135055936404
2024-08-27 17:00:27.975568,0.19126203005937947,-0.9815390139253585
2024-08-27 17:00:28.975568,0.17157458423100627,-0.9851711333803672
2024-08-27 17:00:29.975568,0.15181837339991294,-0.9884084082494465
2024-08-27 17:00:30.975568,0.13200131561467077,-0.9912495410722751
2024-08-27 17:00:31.975568,0.11213135331056881,-0.9936933931574369
2024-08-27 17:00:32.975568,0.0922164501263827,-0.9957389850387943
2024-08-27 17:00:33.975568,0.07226458771264517,-0.9973854968680472
2024-08-27 17:00:34.975568,0.052283762532697814,-0.998632268743317
2024-08-27 17:00:35.975568,0.03228198265780602,-0.999478800973628
2024-08-27 17:00:36.975568,0.012267264557621558,-0.9999247542791774
2024-08-27 17:00:37.975568,-0.00775237011272074,-0.9999699499273143
2024-08-27 17:00:38.975568,-0.02776889772758464,-0.9996143698041735
2024-08-27 17:00:39.975568,-0.047774295906603884,-0.9988581564219358
2024-08-27 17:00:40.975568,-0.06776054672995448,-0.9977016128617101
2024-08-27 17:00:41.975568,-0.08771963995183929,-0.996145202652063
2024-08-27 17:00:42.975568,-0.10764357621089692,-0.9941895495832416
2024-08-27 17:00:43.975568,-0.1275243702362483,-0.9918354374571662
2024-08-27 17:00:44.975568,-0.1473540540478959,-0.989083809773292
2024-08-27 17:00:45.975568,-0.1671246801501931,-0.9859357693504662
2024-08-27 17:00:46.975568,-0.18682832471710362,-0.9823925778849312
2024-08-27 17:00:47.975568,-0.20645709076797425,-0.9784556554446524
2024-08-27 17:00:48.975568,-0.22600311133254877,-0.9741265799001727
2024-08-27 17:00:49.975568,-0.24545855260395347,-0.9694070862922203
2024-08-27 17:00:50.975568,-0.26481561707839174,-0.9642990661363261
2024-08-27 17:00:51.975568,-0.28406654668028847,-0.9588045666647274
2024-08-27 17:00:52.975568,-0.3032036258716338,-0.952925790005861
2024-08-27 17:00:53.975568,-0.32221918474427014,-0.9466650923017802
2024-08-27 17:00:54.975568,-0.34110560209390794,-0.9400249827638373
2024-08-27 17:00:55.975568,-0.35985530847460495,-0.9330081226670253
2024-08-27 17:00:56.975568,-0.37846078923250925,-0.9256173242833705
2024-08-27 17:00:57.975568,-0.39691458751764125,-0.917855549754808
2024-08-27 17:00:58.975568,-0.4152093072725081,-0.9097259099059913
2024-08-27 17:00:59.975568,-0.43333761619635364,-0.9012316629975123
2024-08-27 17:01:00.975568,-0.45129224868385487,-0.8923762134200293
2024-08-27 17:01:01.975568,-0.4690660087370885,-0.883163110329829
2024-08-27 17:01:02.975568,-0.4866517728495987,-0.8735960462263681
2024-08-27 17:01:03.975568,-0.5040424928614121,-0.8636788554723644
2024-08-27 17:01:04.975568,-0.5212311987838542,-0.8534155127570311
2024-08-27 17:01:05.975568,-0.538211001593036,-0.8428101315030693
2024-08-27 17:01:06.975568,-0.5549750959908908,-0.831866962218059
2024-08-27 17:01:07.975568,-0.5715167631326549,-0.8205903907909067
2024-08-27 17:01:08.975568,-0.5878293733196981,-0.8089849367340353
2024-08-27 17:01:09.975568,-0.6039063886566272,-0.7970552513720179
2024-08-27 17:01:10.975568,-0.6197413656715938,-0.7848061159773845
2024-08-27 17:01:11.975568,-0.6353279578987597,-0.772242439854345
2024-08-27 17:01:12.975568,-0.6506599184218834,-0.7593692583712012
2024-08-27 17:01:13.975568,-0.6657311023780073,-0.7461917309422311
2024-08-27 17:01:14.975568,-0.6805354694202445,-0.7327151389598603
2024-08-27 17:01:15.975568,-0.695067086138676,-0.7189448836779425
2024-08-27 17:01:16.975568,-0.709320128438389,-0.704886484047004
2024-08-27 17:01:17.975568,-0.7232888838737035,-0.6905455745023149
2024-08-27 17:01:18.975568,-0.7369677539376506,-0.6759279027056766
2024-08-27 17:01:19.975568,-0.7503512563057857,-0.6610393272418285
2024-08-27 17:01:20.975568,-0.7634340270334381,-0.6458858152703988
2024-08-27 17:01:21.975568,-0.776210822705514,-0.6304734401343399
2024-08-27 17:01:22.975568,-0.7886765225379935,-0.6148083789258063
2024-08-27 17:01:23.975568,-0.8008261304302785,-0.5988969100104513
2024-08-27 17:01:24.975568,-0.8126547769675689,-0.5827454105111346
2024-08-27 17:01:25.975568,-0.824157721372465,-0.5663603537520492
2024-08-27 17:01:26.975568,-0.8353303534050129,-0.5497483066642919
2024-08-27 17:01:27.975568,-0.8461681952104326,-0.5329159271539172
2024-08-27 17:01:28.975568,-0.8566669031137879,-0.5158699614335303
2024-08-27 17:01:29.975568,-0.8668222693608779,-0.4986172413184862
2024-08-27 17:01:30.975568,-0.8766302238046544,-0.4811646814887825
2024-08-27 17:01:31.975568,-0.8860868355364863,-0.46351927671773907
2024-08-27 17:01:32.975568,-0.8951883144616204,-0.4456880990685786
2024-08-27 17:01:33.975568,-0.9039310128182052,-0.4276782950600295
2024-08-27 17:01:34.975568,-0.9123114266392696,-0.40949708280208874
2024-08-27 17:01:35.975568,-0.9203261971570693,-0.39115174910309075
2024-08-27 17:01:36.975568,-0.927972112149241,-0.37264964654924393
2024-08-27 17:01:37.975568,-0.9352461072262216,-0.35399819055780335
2024-08-27 17:01:38.975568,-0.9421452670594178,-0.33520485640506203
2024-08-27 17:01:39.975568,-0.9486668265496351,-0.31627717623035123
2024-08-27 17:01:40.975568,-0.9548081719352949,-0.29722273601725085
2024-08-27 17:01:41.975568,-0.9605668418399992,-0.2780491725532196
2024-08-27 17:01:42.975568,-0.9659405282590195,-0.25876417036886357
2024-08-27 17:01:43.975568,-0.9709270774843178,-0.2393754586580701
2024-08-27 17:01:44.975568,-0.9755244909677258,-0.21989080818024112
2024-08-27 17:01:45.975568,-0.9797309261219386,-0.20031802814586727
2024-08-27 17:01:46.975568,-0.9835446970590022,-0.1806649630866916
2024-08-27 17:01:47.975568,-0.9869642752659957,-0.16093948971171687
2024-08-27 17:01:48.975568,-0.9899882902176416,-0.1411495137503165
2024-08-27 17:01:49.975568,-0.9926155299255947,-0.12130296678371458
2024-08-27 17:01:50.975568,-0.9948449414241931,-0.10140780306610474
2024-08-27 17:01:51.975568,-0.9966756311924736,-0.08147199633668205
2024-08-27 17:01:52.975568,-0.9981068655122841,-0.061503536623865485
2024-08-27 17:01:53.975568,-0.9991380707623488,-0.041510427042991856
2024-08-27 17:01:54.975568,-0.9997688336481688,-0.02150068058876476
2024-08-27 17:01:55.975568,-0.9999989013676653,-0.0014823169237438941
2024-08-27 17:01:56.975568,-0.9998281817124997,0.018536640835837948
2024-08-27 17:01:57.975568,-0.9992567431050293,0.03854816933564211
2024-08-27 17:01:58.975568,-0.9982848145708855,0.05854424819888675
2024-08-27 17:01:59.975568,-0.9969127856471813,0.07851686324081607
2024-08-27 17:02:00.975568,-0.9951412062263916,0.09845800968068796
2024-08-27 17:02:01.975568,-0.9929707863359611,0.1183596953499926
2024-08-27 17:02:02.975568,-0.9904023958537356,0.13821394389561617
2024-08-27 17:02:03.975568,-0.9874370641593242,0.15801279797666595
2024-08-27 17:02:04.975568,-0.9840759797215376,0.1777483224536757
2024-08-27 17:02:05.975568,-0.9803204896220635,0.19741260756891277
2024-08-27 17:02:06.975568,-0.9761720990155732,0.21699777211651267
2024-08-27 17:02:07.975568,-0.9716324705264734,0.23649596660117034
2024-08-27 17:02:08.975568,-0.966703423582547,0.2558993763841222
2024-08-27 17:02:09.975568,-0.9613869336857488,0.2752002248151582
2024-08-27 17:02:10.975568,-0.9556851316204478,0.29439077634940836
2024-08-27 17:02:11.975568,-0.9496003025994352,0.313463339647655
2024-08-27 17:02:12.975568,-0.9431348853480389,0.33241027065892775
2024-08-27 17:02:13.975568,-0.936291471126712,0.351223975684146
2024-08-27 17:02:14.975568,-0.9290728026924872,0.369896914419581
2024-08-27 17:02:15.975568,-0.9214817731997134,0.3884216029789177
2024-08-27 17:02:16.975568,-0.9135214250405145,0.40679061689270524
2024-08-27 17:02:17.975568,-0.9051949486254356,0.42499659408399376
2024-08-27 17:02:18.975568,-0.8965056811047657,0.44303223781896517
2024-08-27 17:02:19.975568,-0.8874571050310481,0.4608903196313751
2024-08-27 17:02:20.975568,-0.8780528469633162,0.47856368221963436
2024-08-27 17:02:21.975568,-0.8682966760136124,0.4960452423153677
2024-08-27 17:02:22.975568,-0.8581925023363741,0.513327993522302
2024-08-27 17:02:23.975568,-0.8477443755612918,0.5304050091243441
2024-08-27 17:02:24.975568,-0.8369564831702662,0.5472694448617245
2024-08-27 17:02:25.975568,-0.8258331488191168,0.563914541674093
2024-08-27 17:02:26.975568,-0.8143788306047138,0.5803336284094683
2024-08-27 17:02:27.975568,-0.8025981192782262,0.5965201244979537
2024-08-27 17:02:28.975568,-0.7904957364052057,0.6124675425891495
2024-08-27 17:02:29.975568,-0.7780765324732398,0.6281694911522044
2024-08-27 17:02:30.975568,-0.7653454849479362,0.6436196770374631
2024-08-27 17:02:31.975568,-0.7523076962780152,0.6588119079986834
2024-08-27 17:02:32.975568,-0.7389683918503098,0.6737400951748137
2024-08-27 17:02:33.975568,-0.725332917895495,0.6883982555303341
2024-08-27 17:02:34.975568,-0.7114067393453833,0.702780514253184
2024-08-27 17:02:35.975568,-0.697195437642647,0.7168811071093154
2024-08-27 17:02:36.975568,-0.6827047085038436,0.7306943827529278
2024-08-27 17:02:37.975568,-0.6679403596366418,0.7442148049914579
2024-08-27 17:02:38.975568,-0.6529083084121639,0.7574369550044192
2024-08-27 17:02:39.975568,-0.6376145794933749,0.7703555335151989
2024-08-27 17:02:40.975568,-0.6220653024204709,0.7829653629149428
2024-08-27 17:02:41.975568,-0.6062667091542346,0.7952613893376785
2024-08-27 17:02:42.975568,-0.5902251315783409,0.8072386846858431
2024-08-27 17:02:43.975568,-0.5739469989616153,0.8188924486054048
2024-08-27 17:02:44.975568,-0.5574388353812613,0.8302180104097857
2024-08-27 17:02:45.975568,-0.5407072571080894,0.841210830951817
2024-08-27 17:02:46.975568,-0.523758969954797,0.8518665044429732
2024-08-27 17:02:47.975568,-0.5066007665883601,0.8621807602191585
2024-08-27 17:02:48.975568,-0.48923952380761454,0.8721494644523372
2024-08-27 17:02:49.975568,-0.4716821997871201,0.8817686218073216
2024-08-27 17:02:50.975568,-0.45393583128840775,0.8910343770430533
2024-08-27 17:02:51.975568,-0.4360075308397319,0.8999430165577376
2024-08-27 17:02:52.975568,-0.41790448388545576,0.9084909698772085
2024-08-27 17:02:53.975568,-0.39963394590621254,0.9166748110859327
2024-08-27 17:02:54.975568,-0.3812032395109975,0.9244912602000741
2024-08-27 17:02:55.975568,-0.3626197515023553,0.9319371844820712
2024-08-27 17:02:56.975568,-0.34389092991583975,0.9390095996962007
2024-08-27 17:02:57.975568,-0.32502428103493153,0.945705671304622
2024-08-27 17:02:58.975568,-0.3060273663826117,0.9520227156034266
2024-08-27 17:02:59.975568,-0.2869077996907951,0.9579582007982325
2024-08-27 17:03:00.975568,-0.26767324384883956,0.9635097480188977
2024-08-27 17:03:01.975568,-0.2483314078323531,0.9686751322729419
2024-08-27 17:03:02.975568,-0.22889004361353044,0.9734522833372965
2024-08-27 17:03:03.975568,-0.20935694305425712,0.9778392865880244
2024-08-27 17:03:04.975568,-0.18973993478322604,0.9818343837676786
2024-08-27 17:03:05.975568,-0.17004688105831864,0.9854359736899897
2024-08-27 17:03:06.975568,-0.15028567461550763,0.9886426128816023
2024-08-27 17:03:07.975568,-0.13046423550554456,0.9914530161606014
2024-08-27 17:03:08.975568,-0.11059050791970014,0.9938660571515976
2024-08-27 17:03:09.975568,-0.09067245700582897,0.9958807687371647
2024-08-27 17:03:10.975568,-0.07071806567603553,0.9974963434454484
2024-08-27 17:03:11.975568,-0.05073533140722013,0.9987121337737914
2024-08-27 17:03:12.975568,-0.030732263035787716,0.9995276524482447
2024-08-27 17:03:13.975568,-0.010716877547803778,0.9999425726188607
2024-08-27 17:03:14.975568,0.009302803134115958,0.9999567279906906
2024-08-27 17:03:15.975568,0.029318755365894376,0.999570112890434
2024-08-27 17:03:16.975568,0.04932295699777175,0.998782882268712
2024-08-27 17:03:17.975568,0.0693073905894856,0.9975953516379658
2024-08-27 17:03:18.975568,0.08926404662356309,0.9960079969460016
2024-08-27 17:03:19.975568,0.10918492671543799,0.9940214543852384
2024-08-27 17:03:20.975568,0.1290620468191058,0.9916365201377282
2024-08-27 17:03:21.975568,0.14888744042703206,0.988854150056057
2024-08-27 17:03:22.975568,0.16865316176303152,0.9856754592802505
2024-08-27 17:03:23.975568,0.1883512889668384,0.982101721790839
2024-08-27 17:03:24.975568,0.2079739272690915,0.9781343698982623
2024-08-27 17:03:25.975568,0.22751321215546147,0.9737749936688167
2024-08-27 17:03:26.975568,0.24696131251865244,0.9690253402873759
2024-08-27 17:03:27.975568,0.26631043379701436,0.9638873133571403
2024-08-27 17:03:28.975568,0.2855528210985082,0.958362972136697
2024-08-27 17:03:29.975568,0.30468076230877245,0.9524545307146925
2024-08-27 17:03:30.975568,0.32368659118204435,0.9461643571224547
2024-08-27 17:03:31.975568,0.34256269041369786,0.9394949723849133
2024-08-27 17:03:32.975568,0.36130149469316664,0.9324490495102045
2024-08-27 17:03:33.975568,0.3798954937360281,0.9250294124183617
2024-08-27 17:03:34.975568,0.3983372352940341,0.917239034809523
2024-08-27 17:03:35.975568,0.41661932814188124,0.9090810389721081
2024-08-27 17:03:36.975568,0.4347344450395237,0.9005586945314433
2024-08-27 17:03:37.975568,0.452675325668842,0.8916754171393354
2024-08-27 17:03:38.975568,0.47043477954348983,0.8824347671051205
2024-08-27 17:03:39.975568,0.4880056888907535,0.8728404479687345
2024-08-27 17:03:40.975568,0.5053810115042686,0.8628963050163805
2024-08-27 17:03:41.975568,0.5225537835664503,0.852606323739384
2024-08-27 17:03:42.975568,0.5395171224395064,0.8419746282368576
2024-08-27 17:03:43.975568,0.5562642294239155,0.831005479562811
2024-08-27 17:03:44.975568,0.572788392483262,0.8197032740183735
2024-08-27 17:03:45.975568,0.5890829889343387,0.8080725413898097
2024-08-27 17:03:46.975568,0.6051414881014383,0.7961179431330365
2024-08-27 17:03:47.975568,0.6209574539337677,0.7838442705053682
2024-08-27 17:03:48.975568,0.6365245475849389,0.771256442645239
2024-08-27 17:03:49.975568,0.651836529953502,0.7583595046006724
2024-08-27 17:03:50.975568,0.6668872641835006,0.7451586253072869
2024-08-27 17:03:51.975568,0.6816707181240489,0.7316590955166508
2024-08-27 17:03:52.975568,0.6961809667469437,0.7178663256758119
2024-08-27 17:03:53.975568,0.7104121945213452,0.7037858437588571
2024-08-27 17:03:54.975568,0.7243586977445687,0.689423293051368
2024-08-27 17:03:55.975568,0.7380148868280612,0.6747844298886602
2024-08-27 17:03:56.975568,0.7513752885376386,0.6598751213487143
2024-08-27 17:03:57.975568,0.7644345481870926,0.644701342900723
2024-08-27 17:03:58.975568,0.777187431784283,0.6292691760101955
2024-08-27 17:03:59.975568,0.7896288281288583,0.6135848057015802
2024-08-27 17:04:00.975568,0.8017537508607621,0.5976545180793826
2024-08-27 17:04:01.975568,0.8135573404587059,0.5814846978087707
2024-08-27 17:04:02.975568,0.8250348661878059,0.5650818255566792
2024-08-27 17:04:03.975568,0.8361817279956036,0.5484524753944378
2024-08-27 17:04:04.975568,0.8469934583557114,0.5316033121629622
2024-08-27 17:04:05.975568,0.8574657240583419,0.5145410888015685
2024-08-27 17:04:06.975568,0.8675943279470063,0.49727264364147616
2024-08-27 17:04:07.975568,0.8773752106006832,0.4798048976650892
2024-08-27 17:04:08.975568,0.8868044519607854,0.4621448517321501
2024-08-27 17:04:09.975568,0.8958782729022712,0.4442995837738807
2024-08-27 17:04:10.975568,0.904593036748272,0.4262762459562338
2024-08-27 17:04:11.975568,0.9129452507276277,0.40808206181339196
