time,x,y,swing_amplitude,swing_label
0.0,0.0,0.0,0.0,0
0.1,0.004967141530112327,-0.0013826430117118466,0.005155986489315331,0
0.2,0.011444026911119252,0.013847655552368408,0.016550288172407338,0
0.30000000000000004,0.009102493163885892,0.011506285982876603,0.003311312692932358,0
0.4,0.02489462131895981,0.01918063327440569,0.017558101207627155,0
0.5,0.020199877459610285,0.024606233710265338,0.00717480034527097,0
0.6000000000000001,0.015565700531485663,0.019948936174562767,0.0065700849414009705,0
0.7000000000000001,0.017985323247146003,0.0008161337279847872,0.01928519389443414,0
0.8,0.0007361449220156732,-0.00480674156442494,0.01814251579704804,0
0.9,-0.009392166281328565,-0.0016642682384722008,0.010604613450574844,0
1.0,-0.018472407036540676,-0.015787305251825118,0.016790203889564637,0
1.1,-0.003815919347325135,-0.018045068256690475,0.01482936698481312,0
1.2000000000000002,-0.0031406373004458964,-0.03229255011882504,0.014263475917695901,0
1.3,-0.008584464545697723,-0.031183324221726382,0.0055556851212915604,0
1.4000000000000001,-0.02009440031992075,-0.027426344038269664,0.012107581163288791,0
1.5,-0.0261007872191088,-0.030343281536202433,0.006677215583578541,0
1.6,-0.03211785334140277,-0.011820499691113054,0.019475588104106906,0
1.7000000000000002,-0.032252825588782105,-0.022397608980672057,0.010577970430608983,0
1.8,-0.024027376467750217,-0.03460604548038228,0.01472086733212894,0
1.9000000000000001,-0.021938740517702664,-0.05420274671918003,0.019707691381146815,0
2.0,-0.03522060100668697,-0.05223413436048879,0.013426959919044752,0
2.1,-0.027835935206732863,-0.050520451548589085,0.007580896896595566,0
2.2,-0.028992418030615266,-0.05353148850448197,0.003225491601552812,0
2.3000000000000003,-0.04377763793428954,-0.06072993058842906,0.016444460953036633,0
2.4000000000000004,-0.04838402564388742,-0.0501587083262399,0.011531242250847826,0
2.5,-0.04494784274820281,-0.06778910987986723,0.017962138286817097,0
2.6,-0.04170700305425486,-0.0716399326840304,0.005033078401031693,0
2.7,-0.048476223057314444,-0.06552316979562173,0.009123438369542247,0
2.8000000000000003,-0.03816622783235493,-0.05621036860445974,0.01389331737076484,0
2.9000000000000004,-0.04655840306458132,-0.05930249236297189,0.008943703621338828,0
3.0,-0.04324576875054568,-0.049547041091748296,0.010302542191311052,0
3.1,-0.04803751112899858,-0.051403630858386465,0.005138844284763555,0
3.2,-0.059100860869058865,-0.06336569709919318,0.01629382509481244,0
3.3000000000000003,-0.050975602645116885,-0.04980329681348495,0.01581007661953336,0
3.4000000000000004,-0.05169570386092023,-0.03976796783456471,0.01006113181884413,0
3.5,-0.048079343610443886,-0.046219165380615955,0.0073956751713013255,0
3.6,-0.044465387555359746,-0.030838799715956263,0.01579925081599511,0
3.7,-0.04482364794645926,-0.015192363157816201,0.015650537609798988,0
3.8000000000000003,-0.0710210989873567,-0.006973338114063962,0.027456489464424343,0
3.9000000000000004,-0.07015062830497498,-0.009963411618722638,0.003114202750648697,0
4.0,-0.06923302053961997,-0.029839100764731567,0.019896859627584876,0
4.1000000000000005,-0.07142973941799509,-0.026267975049614103,0.004192673693931222,0
4.2,-0.056650798970579924,-0.03145067723235058,0.015661337192691607,0
4.3,-0.0647357349995118,-0.036468247668195945,0.009515366712354817,0
4.4,-0.05558171382249105,-0.033180736571599104,0.00972645017051913,0
4.5,-0.06087931586016144,-0.028048062240465542,0.00737624112532981,0
4.6000000000000005,-0.059908540366681036,-0.018361612335136647,0.009734973899666516,0
4.7,-0.06692907130545456,-0.021638233801114327,0.007747522371286316,0
4.800000000000001,-0.07085015283677613,-0.03627338328243551,0.01515131943811782,0
4.9,-0.06788895006613037,-0.03366283056063662,0.003947620468354547,0
5.0,-0.06783781549970576,-0.03600870189438809,0.002346428575175544,0
5.1000000000000005,-0.0819915229202099,-0.04021515512204168,0.014765557304134222,0
5.2,-0.0854186680854776,-0.04823792781425787,0.008724116325152227,0
5.300000000000001,-0.0870315252021377,-0.044197419246112486,0.004350519229703205,0
5.4,-0.0681696661900324,-0.0424516411177941,0.018942477838600015,0
5.5,-0.06559416228280475,-0.04319610027545577,0.0026809400988405544,0
5.6000000000000005,-0.08478187443579516,-0.04346123902994794,0.019189543929576582,0
5.7,-0.08417957233638489,-0.018828817905095076,0.02463978364943677,0
5.800000000000001,-0.08610318198419611,-0.015813344481758952,0.003576779842819365,0
5.9,-0.08645029968124855,-0.02750012485795427,0.011691934239339143,0
6.0,-0.07502207153609834,-0.01998079453108653,0.013680085054638965,0
6.1000000000000005,-0.06711175206566787,-0.029074669079033916,0.01205287137648439,0
6.2,-0.05308380895630688,-0.043093179706956725,0.01983183874744481,0
6.300000000000001,-0.04721523801830417,-0.021188623448856938,0.022677074540571333,0
6.4,-0.057120601269611056,-0.026851600744884657,0.011409887510210884,0
6.5,-0.05612408761873464,-0.03188635728604665,0.005132427582066453,0
6.6000000000000005,-0.07163072192939597,-0.031200727537986375,0.015521784555778512,0
6.7,-0.08225375906665702,-0.02646480323163456,0.011630902675851148,0
6.800000000000001,-0.09144800140899506,-0.010965459181459166,0.01802120301853761,0
6.9,-0.09928053433235744,-0.014186074343515922,0.008468821288563447,0
7.0,-0.09114536215866074,-0.026494717507855474,0.014754108676661283,0
7.1000000000000005,-0.08887076281261945,-0.013423289965031192,0.01326785665404615,0
7.2,-0.10494559515823172,-0.011576951379708149,0.016180519185464825,0
7.300000000000001,-0.10234676721574748,-0.0037587226619350458,0.008238847428982342,0
7.4,-0.1147162743245283,-0.01696328879277781,0.0180932383176141,0
7.5,-0.10949685866835933,-0.013993442060445949,0.006005188540371068,0
7.6000000000000005,-0.10699193016490056,-0.010528959965476191,0.004275196252080856,0
7.7,-0.11379217738068548,-0.008206422993866156,0.007185926535965002,0
7.800000000000001,-0.11086145264769867,-0.015349937174129833,0.007721330345488971,0
7.9,-0.09220370753625111,-0.010611607965011958,0.019250018606165684,0
8.0,-0.1041167425082776,-0.004046071878673661,0.01360245074777838,0
8.1,-0.11386355921055082,0.00382477415875086,0.01252799477859699,0
8.200000000000001,-0.10227760342047677,-0.0043820490247662445,0.014198109674708956,0
8.3,-0.09264384212803356,-0.00025423975540126136,0.010480847580421757,0
8.4,-0.08442324052808867,0.01871369007113821,0.02067270307844483,0
8.5,-0.08687712168811737,0.011176328427563316,0.007926749226106365,0
8.6,-0.0957722659843726,0.003018225577908932,0.012069723864146231,0
8.700000000000001,-0.09654328307851365,0.00642974532607537,0.0034975612005492193,0
8.8,-0.09377637508521346,0.014701577816435609,0.0087223272463241,0
8.9,-0.09364635616643438,0.029236918588008778,0.014535922270877681,0
9.0,-0.09629292449881394,0.05643861025390497,0.027330136359419072,0
9.1,-0.09003625102116387,0.04786703468974214,0.01061215673923463,0
9.200000000000001,-0.100745176001775,0.052691758842173995,0.011745596510497726,0
9.3,-0.10297980385503351,0.05983176378309492,0.007481526060833707,0
9.4,-0.09824742760929807,0.05910347465652619,0.004788088343282663,0
9.5,-0.10671536478998211,0.04395500240966754,0.017354600874403825,0
9.600000000000001,-0.11118051431065233,0.052518990352902264,0.009658128686956452,0
9.700000000000001,-0.10903957686935029,0.04006160256578238,0.01264002071225568,0
9.8,-0.10730776761083846,0.04391477636307075,0.004224465838419923,0
9.9,-0.11614634197284979,0.04545202742252603,0.00897126176034343,0
10.0,-0.11614634197285022,0.06545202742252602,0.019999999999999997,0
10.100000000000001,-0.09614634197285021,0.08545202742252603,0.02828427124746191,0
10.200000000000001,-0.07614634197285021,0.10545202742252603,0.02828427124746191,0
10.3,-0.056146341972850206,0.12545202742252604,0.02828427124746191,0
10.4,-0.0361463419728502,0.14545202742252603,0.028284271247461894,0
10.5,-0.0161463419728502,0.16545202742252602,0.028284271247461894,0
10.600000000000001,0.003853658027149799,0.185452027422526,0.028284271247461894,0
10.700000000000001,0.0238536580271498,0.205452027422526,0.028284271247461894,0
10.8,0.0438536580271498,0.22545202742252599,0.028284271247461894,0
10.9,0.0638536580271498,0.24545202742252598,0.028284271247461894,0
11.0,0.08385365802714981,0.265452027422526,0.028284271247461915,0
11.100000000000001,0.10385365802714981,0.285452027422526,0.028284271247461915,0
11.200000000000001,0.12385365802714982,0.30545202742252603,0.028284271247461915,0
11.3,0.1438536580271498,0.285452027422526,0.02828427124746191,0
11.4,0.1638536580271498,0.265452027422526,0.02828427124746191,0
11.5,0.18385365802714979,0.245452027422526,0.028284271247461888,0
11.600000000000001,0.20385365802714978,0.225452027422526,0.028284271247461888,0
11.700000000000001,0.22385365802714977,0.20545202742252602,0.028284271247461888,0
11.8,0.24385365802714976,0.18545202742252603,0.028284271247461888,0
11.9,0.2638536580271498,0.16545202742252604,0.02828427124746191,0
12.0,0.2838536580271498,0.14545202742252605,0.02828427124746191,0
12.100000000000001,0.3038536580271498,0.12545202742252606,0.02828427124746191,0
12.200000000000001,0.3238536580271498,0.10545202742252606,0.028284271247461915,0
12.3,0.34385365802714984,0.08545202742252606,0.028284271247461915,0
12.4,0.36385365802714986,0.06545202742252605,0.028284271247461915,0
12.5,0.3638536580271504,0.04545202742252605,0.020000000000000004,0
12.600000000000001,0.3438536580271504,0.025452027422526047,0.028284271247461915,0
12.700000000000001,0.3238536580271504,0.005452027422526047,0.028284271247461915,0
12.8,0.30385365802715036,-0.014547972577473953,0.028284271247461915,0
12.9,0.28385365802715035,-0.034547972577473954,0.028284271247461915,0
13.0,0.26385365802715033,-0.05454797257747396,0.028284271247461915,0
13.100000000000001,0.24385365802715034,-0.07454797257747396,0.028284271247461894,0
13.200000000000001,0.22385365802715035,-0.09454797257747397,0.028284271247461894,0
13.3,0.20385365802715036,-0.11454797257747397,0.028284271247461894,0
13.4,0.18385365802715037,-0.13454797257747397,0.028284271247461894,0
13.5,0.16385365802715038,-0.15454797257747396,0.028284271247461888,0
13.600000000000001,0.1438536580271504,-0.17454797257747395,0.028284271247461888,0
13.700000000000001,0.12385365802715038,-0.19454797257747394,0.028284271247461894,0
13.8,0.10385365802715038,-0.17454797257747395,0.028284271247461894,0
13.9,0.08385365802715038,-0.15454797257747396,0.028284271247461894,0
14.0,0.06385365802715037,-0.13454797257747397,0.028284271247461894,0
14.100000000000001,0.04385365802715037,-0.11454797257747397,0.02828427124746191,0
14.200000000000001,0.02385365802715037,-0.09454797257747397,0.028284271247461905,0
14.3,0.003853658027150368,-0.07454797257747396,0.028284271247461905,0
14.4,-0.016146341972849632,-0.05454797257747396,0.028284271247461905,0
14.5,-0.03614634197284963,-0.034547972577473954,0.028284271247461905,0
14.600000000000001,-0.05614634197284964,-0.014547972577473953,0.028284271247461905,0
14.700000000000001,-0.07614634197284964,0.005452027422526047,0.028284271247461905,0
14.8,-0.09614634197284964,0.025452027422526047,0.028284271247461905,0
14.9,-0.11614634197284965,0.04545202742252605,0.028284271247461905,0
15.0,-0.11614634197285027,0.06545202742252605,0.020000000000000004,0
15.100000000000001,-0.09614634197285027,0.08545202742252606,0.02828427124746191,0
15.200000000000001,-0.07614634197285026,0.10545202742252606,0.02828427124746191,0
15.3,-0.05614634197285026,0.12545202742252606,0.02828427124746191,0
15.4,-0.03614634197285026,0.14545202742252605,0.028284271247461894,0
15.5,-0.016146341972850257,0.16545202742252604,0.028284271247461894,0
15.600000000000001,0.0038536580271497436,0.18545202742252603,0.028284271247461894,0
15.700000000000001,0.023853658027149744,0.20545202742252602,0.028284271247461894,0
15.8,0.043853658027149744,0.225452027422526,0.028284271247461894,0
15.9,0.06385365802714975,0.245452027422526,0.028284271247461894,0
16.0,0.08385365802714975,0.265452027422526,0.028284271247461894,0
16.1,0.10385365802714976,0.285452027422526,0.028284271247461915,0
16.2,0.12385365802714976,0.30545202742252603,0.028284271247461915,0
16.3,0.14385365802714975,0.285452027422526,0.02828427124746191,0
16.400000000000002,0.16385365802714974,0.265452027422526,0.02828427124746191,0
16.5,0.18385365802714973,0.245452027422526,0.028284271247461888,0
16.6,0.20385365802714972,0.225452027422526,0.028284271247461888,0
16.7,0.2238536580271497,0.20545202742252602,0.028284271247461888,0
16.8,0.2438536580271497,0.18545202742252603,0.028284271247461888,0
16.900000000000002,0.2638536580271497,0.16545202742252604,0.02828427124746191,0
17.0,0.28385365802714974,0.14545202742252605,0.02828427124746191,0
17.1,0.30385365802714975,0.12545202742252606,0.02828427124746191,0
17.2,0.32385365802714977,0.10545202742252606,0.028284271247461915,0
17.3,0.3438536580271498,0.08545202742252606,0.028284271247461915,0
17.400000000000002,0.3638536580271498,0.06545202742252605,0.028284271247461915,0
17.5,0.36385365802715053,0.04545202742252605,0.020000000000000004,0
17.6,0.3438536580271505,0.025452027422526047,0.028284271247461915,0
17.7,0.3238536580271505,0.005452027422526047,0.028284271247461915,0
17.8,0.3038536580271505,-0.014547972577473953,0.028284271247461915,0
17.900000000000002,0.28385365802715046,-0.034547972577473954,0.028284271247461915,0
18.0,0.26385365802715044,-0.05454797257747396,0.028284271247461915,0
18.1,0.24385365802715045,-0.07454797257747396,0.028284271247461894,0
18.2,0.22385365802715046,-0.09454797257747397,0.028284271247461894,0
18.3,0.20385365802715047,-0.11454797257747397,0.028284271247461894,0
18.400000000000002,0.18385365802715048,-0.13454797257747397,0.028284271247461894,0
18.5,0.1638536580271505,-0.15454797257747396,0.028284271247461888,0
18.6,0.1438536580271505,-0.17454797257747395,0.028284271247461888,0
18.7,0.1238536580271505,-0.19454797257747394,0.028284271247461894,0
18.8,0.10385365802715049,-0.17454797257747395,0.028284271247461894,0
18.900000000000002,0.08385365802715049,-0.15454797257747396,0.028284271247461894,0
19.0,0.06385365802715048,-0.13454797257747397,0.028284271247461894,0
19.1,0.04385365802715048,-0.11454797257747397,0.02828427124746191,0
19.200000000000003,0.02385365802715048,-0.09454797257747397,0.028284271247461905,0
19.3,0.003853658027150479,-0.07454797257747396,0.028284271247461905,0
19.400000000000002,-0.01614634197284952,-0.05454797257747396,0.028284271247461905,0
19.5,-0.03614634197284952,-0.034547972577473954,0.028284271247461905,0
19.6,-0.056146341972849526,-0.014547972577473953,0.028284271247461905,0
19.700000000000003,-0.07614634197284953,0.005452027422526047,0.028284271247461905,0
19.8,-0.09614634197284953,0.025452027422526047,0.028284271247461905,0
19.900000000000002,-0.11614634197284954,0.04545202742252605,0.028284271247461905,0
20.0,-0.11556425478838954,0.03402232444421982,0.011444515527649688,0
20.1,-0.11198638118490671,0.03963016970790217,0.006652000302458182,0
20.200000000000003,-0.10115586875315394,0.0501681902282512,0.015111249982104346,0
20.3,-0.11493256243272484,0.040789939829099967,0.016665799389465517,0
20.400000000000002,-0.10978220976063825,0.04592779933822205,0.007274869963260219,0
20.5,-0.10463173289757777,0.08445511424476926,0.03887005796014685,0
20.6,-0.0989228277906461,0.09581077064657526,0.01270993823099971,0
20.700000000000003,-0.08938281015571407,0.10232468315963324,0.011551752797847923,0
20.8,-0.09253550260211753,0.10991437536456591,0.008218448602213513,0
20.900000000000002,-0.10026375474749324,0.10754618929716582,0.008082956542771481,0
21.0,-0.10511739022578429,0.10836493069102905,0.004922206296585974,0
21.1,-0.0819708045590492,0.08969227876511157,0.029739407491978984,0
21.200000000000003,-0.07510820265530407,0.07356512005321506,0.017526567062833096,0
21.3,-0.07982752131319841,0.08445462602288872,0.01186816366833168,0
21.400000000000002,-0.07918472112224378,0.07367717824359567,0.010796600053761376,0
21.5,-0.08633775821484346,0.08047315573294242,0.00986667368892955,0
21.6,-0.09364142453201484,0.08263774162876217,0.007617675089747884,0
21.700000000000003,-0.09318570613297669,0.076121738152704,0.006531920128049949,0
21.8,-0.07174626523972344,0.0824609283758841,0.02235698903030017,0
21.900000000000002,-0.09199769110629952,0.08432547152357837,0.020337078717924076,0
22.0,-0.0986155557539834,0.09284980487154061,0.010791681589179935,0
22.1,-0.1065407631383104,0.09170244045687162,0.00800783099126349,0
22.200000000000003,-0.10149089034850584,0.10035999239857284,0.010022695287020506,0
22.3,-0.1134938544190636,0.09701498004016335,0.012460347272729308,0
22.400000000000002,-0.11824330753067315,0.09048168771442623,0.008077203320018208,0
22.5,-0.10058876512786218,0.09453150482403579,0.018113086045010027,0
22.6,-0.11319760467121262,0.10371012429458355,0.01559582925063866,0
22.700000000000003,-0.09197604270108628,0.11403477690009502,0.023599854742697192,0
22.8,-0.10716974236062642,0.1091924361714325,0.015946685331967074,0
22.900000000000002,-0.09450063086876019,0.10211574151524469,0.014511581349055447,0
23.0,-0.0900624365872979,0.10986208204953805,0.00892767383774973,0
23.1,-0.09933174130307873,0.10926682848892005,0.009288397962804196,0
23.200000000000003,-0.13174441470376946,0.09902295207557715,0.033992916923260466,0
23.3,-0.13427009621770106,0.08654512025592866,0.012730881903043806,0
23.400000000000002,-0.1179459831783847,0.07224370647632233,0.02170269804922632,0
23.5,-0.12234642804535453,0.07355111224918325,0.004590558232083674,0
23.6,-0.10793369515469338,0.05919249073738885,0.020344455782755913,0
23.700000000000003,-0.09630205763314378,0.05929482134758472,0.011632087645238213,0
23.8,-0.10611714414362329,0.06391585609021742,0.010848496914357087,0
23.900000000000002,-0.1041265471878886,0.057913687318629475,0.006323646590599907,0
24.0,-0.10342852633798841,0.05406055135001187,0.003915851107939383,0
24.1,-0.10229335288547593,0.060681858095222335,0.006717910521989607,0
24.200000000000003,-0.08643318472402241,0.048303703106953845,0.02011873890240589,0
24.3,-0.06510285097745974,0.028782825111728826,0.028914491443637922,0
24.400000000000002,-0.06662070192781558,0.03466599717657459,0.006075819702071295,0
24.5,-0.06381078325046526,0.028439001978368655,0.006831625880550104,0
24.6,-0.065892005754038,0.02350899263178033,0.005351306314053221,0
24.700000000000003,-0.07178565332348012,0.032005013601990574,0.010340089651402604,0
24.8,-0.06821549846382965,0.025075917649384032,0.0077947659645632855,0
24.900000000000002,-0.05921949970949715,0.028148912858150126,0.009506381706046277,0
25.0,-0.05109087852110755,0.03444520127738625,0.010281912773533105,0
25.1,-0.05938082863032827,0.028843390875416552,0.010005176289950343,0
25.200000000000003,-0.05190789257909566,0.0349470935297512,0.009648832018350404,0
25.3,-0.05211690851873714,0.03612036736283902,0.001191746260926715,0
25.400000000000002,-0.039340259560852894,0.030204653474480724,0.014079716950348108,0
25.5,-0.03386928574915252,0.028182726950141783,0.0058326444532593195,0
25.6,-0.03604609778142472,0.03917049547001368,0.011201319907498978,0
25.700000000000003,-0.027791934291544425,0.04730559183002007,0.011589262603990905,0
25.8,-0.014737146220001133,0.04751563024634766,0.013056477615698746,0
25.900000000000002,-0.007917616507051493,0.0444129626804131,0.007492164675880081,0
26.0,-0.004675952982167072,0.043111532136736255,0.0034931509942430347,0
26.1,-0.0037059933322398904,0.049063102391105395,0.006030092056940625,0
26.200000000000003,-0.011888200164574616,0.06998697514796,0.022466796829814156,0
26.3,-0.021948373979571636,0.057845089020082674,0.01576808472612611,0
26.400000000000002,-0.010367265244570958,0.06576171595971203,0.01402836632089333,0
26.5,-0.004126067074049406,0.07204517105235483,0.008856317660573177,0
26.6,-0.0042485348025185525,0.06307262733749652,0.008973379467043605,0
26.700000000000003,-0.003490489220581289,0.05630101022237541,0.006813914547313887,0
26.8,0.006260708113596223,0.05483043640735402,0.009861462203725023,0
26.900000000000002,-0.001994263854328892,0.051616577990824086,0.008858524036922277,0
27.0,0.002135050688427351,0.045979332462784336,0.006987830545771867,0
27.1,-0.006087153267236963,0.04841620457770346,0.00857572058739161,0
27.200000000000003,-0.0036374875561497352,0.04334677282399216,0.005630275339769178,0
27.3,-0.008347870612332962,0.04566727219756852,0.005250945236692754,0
27.400000000000002,-0.022828714027306206,0.03159263445380297,0.02019381721287988,0
27.5,-0.030013156239830564,0.029458162936684497,0.007494810108501211,0
27.6,-0.026904080583850517,0.044211725106180016,0.015077597558091843,0
27.700000000000003,-0.018327484351830323,0.042612339806545746,0.008724450484918187,0
27.8,-0.018517646430857213,0.03258704616016766,0.010027097003241201,0
27.900000000000002,-0.01870277779078111,0.029700459770966275,0.0028925170012896986,0
28.0,-0.015475592187400217,0.021428150335443045,0.008879517459621079,0
28.1,-0.010282127044988494,0.03675553946546882,0.016183353723152622,0
28.200000000000003,-0.011369728529557071,0.040772656686458235,0.00416174335542276,0
28.3,-0.0044682886124459455,0.036760451967599875,0.007982960580857462,0
28.400000000000002,-0.0022273637943417777,0.03688637597541782,0.0022444600455655546,0
28.5,-0.0012506028088534605,0.029156278136863157,0.007791564324087918,0
28.6,-0.0010055010662640333,0.034136261049317655,0.004986010897757761,0
28.700000000000003,0.013505935011686385,0.04372896931016972,0.01739545425742773,0
28.8,0.03503775958680195,0.03605549368128923,0.022858296037994028,0
28.900000000000002,0.04376096595400873,0.037888913738672744,0.008913795960851534,0
29.0,0.06565899528618546,0.029805930885121228,0.023342199991510663,0
29.1,0.0572617768643777,0.023812004430681006,0.010316997216476602,0
29.200000000000003,0.036022819621279636,0.018554454213873396,0.021880016888850922,0
29.3,0.02843149300574266,0.02005839207863547,0.007738867416154978,0
29.400000000000002,0.031849052763514255,0.03882010047079433,0.0190704330441221,0
29.5,0.041353291145374754,0.0330510639141703,0.011118108202877626,0
29.6,0.03236914443189118,0.03797025562923536,0.010242721283866043,0
29.700000000000003,0.019166812361684757,0.0562848432877789,0.022577105509663464,0
29.8,0.030961213568897625,0.05159308676673185,0.012693324193822983,0
29.900000000000002,0.01382986827798885,0.06513181050838598,0.021835293266388056,0
30.0,0.013829868277987782,0.08513181050838599,0.020000000000000004,0
30.1,0.033829868277987785,0.10513181050838599,0.02828427124746191,0
30.200000000000003,0.05382986827798779,0.12513181050838598,0.028284271247461894,0
30.3,0.07382986827798779,0.14513181050838597,0.028284271247461894,0
30.400000000000002,0.0938298682779878,0.16513181050838596,0.028284271247461894,0
30.5,0.1138298682779878,0.18513181050838595,0.028284271247461894,0
30.6,0.1338298682779878,0.20513181050838594,0.028284271247461888,0
30.700000000000003,0.15382986827798778,0.22513181050838593,0.028284271247461888,0
30.8,0.17382986827798777,0.24513181050838592,0.028284271247461888,0
30.900000000000002,0.19382986827798776,0.2651318105083859,0.028284271247461888,0
31.0,0.21382986827798775,0.28513181050838593,0.02828427124746191,0
31.1,0.23382986827798774,0.30513181050838595,0.02828427124746191,0
31.200000000000003,0.25382986827798776,0.32513181050838597,0.028284271247461926,0
31.3,0.2738298682779878,0.30513181050838595,0.028284271247461926,0
31.400000000000002,0.2938298682779878,0.28513181050838593,0.028284271247461926,0
31.5,0.3138298682779878,0.2651318105083859,0.028284271247461926,0
31.6,0.33382986827798783,0.24513181050838592,0.02828427124746191,0
31.700000000000003,0.35382986827798785,0.22513181050838593,0.02828427124746191,0
31.8,0.37382986827798786,0.20513181050838594,0.02828427124746191,0
31.900000000000002,0.3938298682779879,0.18513181050838595,0.02828427124746191,0
32.0,0.4138298682779879,0.16513181050838596,0.02828427124746191,0
32.1,0.4338298682779879,0.14513181050838597,0.02828427124746191,0
32.2,0.45382986827798794,0.12513181050838598,0.02828427124746191,0
32.300000000000004,0.47382986827798795,0.10513181050838598,0.028284271247461915,0
32.4,0.49382986827798797,0.08513181050838597,0.028284271247461915,0
32.5,0.4938298682779866,0.06513181050838597,0.020000000000000004,0
32.6,0.47382986827798657,0.04513181050838597,0.028284271247461915,0
32.7,0.45382986827798655,0.025131810508385966,0.028284271247461915,0
32.800000000000004,0.43382986827798653,0.005131810508385966,0.028284271247461915,0
32.9,0.4138298682779865,-0.014868189491614035,0.028284271247461915,0
33.0,0.3938298682779865,-0.034868189491614035,0.028284271247461915,0
33.1,0.3738298682779865,-0.05486818949161404,0.028284271247461915,0
33.2,0.35382986827798646,-0.07486818949161404,0.028284271247461915,0
33.300000000000004,0.33382986827798644,-0.09486818949161405,0.028284271247461915,0
33.4,0.3138298682779864,-0.11486818949161405,0.028284271247461915,0
33.5,0.2938298682779864,-0.13486818949161405,0.028284271247461915,0
33.6,0.2738298682779864,-0.15486818949161404,0.02828427124746191,0
33.7,0.25382986827798637,-0.17486818949161403,0.02828427124746191,0
33.800000000000004,0.23382986827798638,-0.15486818949161404,0.028284271247461888,0
33.9,0.2138298682779864,-0.13486818949161405,0.028284271247461888,0
34.0,0.1938298682779864,-0.11486818949161405,0.028284271247461894,0
34.1,0.1738298682779864,-0.09486818949161405,0.028284271247461894,0
34.2,0.15382986827798642,-0.07486818949161404,0.028284271247461894,0
34.300000000000004,0.13382986827798643,-0.05486818949161404,0.028284271247461894,0
34.4,0.11382986827798643,-0.034868189491614035,0.02828427124746191,0
34.5,0.09382986827798642,-0.014868189491614035,0.028284271247461905,0
34.6,0.07382986827798642,0.005131810508385966,0.028284271247461905,0
34.7,0.053829868277986415,0.025131810508385966,0.028284271247461905,0
34.800000000000004,0.03382986827798641,0.04513181050838597,0.028284271247461905,0
34.9,0.01382986827798641,0.06513181050838597,0.028284271247461905,0
35.0,0.013829868277985225,0.08513181050838597,0.020000000000000004,0
35.1,0.033829868277985224,0.10513181050838598,0.0282842712474619,0
35.2,0.05382986827798522,0.12513181050838598,0.0282842712474619,0
35.300000000000004,0.07382986827798523,0.14513181050838597,0.028284271247461894,0
35.4,0.09382986827798523,0.16513181050838596,0.028284271247461894,0
35.5,0.11382986827798523,0.18513181050838595,0.028284271247461894,0
35.6,0.13382986827798524,0.20513181050838594,0.028284271247461894,0
35.7,0.15382986827798523,0.22513181050838593,0.028284271247461888,0
35.800000000000004,0.17382986827798522,0.24513181050838592,0.028284271247461888,0
35.9,0.1938298682779852,0.2651318105083859,0.028284271247461888,0
36.0,0.2138298682779852,0.28513181050838593,0.02828427124746191,0
36.1,0.2338298682779852,0.30513181050838595,0.02828427124746191,0
36.2,0.2538298682779852,0.32513181050838597,0.028284271247461926,0
36.300000000000004,0.2738298682779852,0.30513181050838595,0.028284271247461926,0
36.4,0.29382986827798524,0.28513181050838593,0.028284271247461926,0
36.5,0.31382986827798526,0.2651318105083859,0.028284271247461926,0
36.6,0.3338298682779853,0.24513181050838592,0.02828427124746191,0
36.7,0.3538298682779853,0.22513181050838593,0.02828427124746191,0
36.800000000000004,0.3738298682779853,0.20513181050838594,0.02828427124746191,0
36.9,0.39382986827798533,0.18513181050838595,0.02828427124746191,0
37.0,0.41382986827798535,0.16513181050838596,0.02828427124746191,0
37.1,0.43382986827798536,0.14513181050838597,0.02828427124746191,0
37.2,0.4538298682779854,0.12513181050838598,0.02828427124746191,0
37.300000000000004,0.4738298682779854,0.10513181050838598,0.028284271247461915,0
37.4,0.4938298682779854,0.08513181050838597,0.028284271247461915,0
37.5,0.493829868277989,0.06513181050838597,0.020000000000000004,0
37.6,0.473829868277989,0.04513181050838597,0.028284271247461915,0
37.7,0.453829868277989,0.025131810508385966,0.028284271247461915,0
37.800000000000004,0.433829868277989,0.005131810508385966,0.028284271247461915,0
37.9,0.41382986827798895,-0.014868189491614035,0.028284271247461915,0
38.0,0.39382986827798894,-0.034868189491614035,0.028284271247461915,0
38.1,0.3738298682779889,-0.05486818949161404,0.028284271247461915,0
38.2,0.3538298682779889,-0.07486818949161404,0.028284271247461915,0
38.300000000000004,0.3338298682779889,-0.09486818949161405,0.028284271247461915,0
38.400000000000006,0.31382986827798887,-0.11486818949161405,0.028284271247461915,0
38.5,0.29382986827798885,-0.13486818949161405,0.028284271247461915,0
38.6,0.27382986827798883,-0.15486818949161404,0.02828427124746191,0
38.7,0.2538298682779888,-0.17486818949161403,0.02828427124746191,0
38.800000000000004,0.23382986827798882,-0.15486818949161404,0.028284271247461888,0
38.900000000000006,0.21382986827798883,-0.13486818949161405,0.028284271247461888,0
39.0,0.19382986827798884,-0.11486818949161405,0.028284271247461894,0
39.1,0.17382986827798885,-0.09486818949161405,0.028284271247461894,0
39.2,0.15382986827798886,-0.07486818949161404,0.028284271247461894,0
39.300000000000004,0.13382986827798887,-0.05486818949161404,0.028284271247461894,0
39.400000000000006,0.11382986827798887,-0.034868189491614035,0.02828427124746191,0
39.5,0.09382986827798886,-0.014868189491614035,0.028284271247461905,0
39.6,0.07382986827798886,0.005131810508385966,0.028284271247461905,0
39.7,0.05382986827798886,0.025131810508385966,0.028284271247461905,0
39.800000000000004,0.03382986827798885,0.04513181050838597,0.028284271247461905,0
39.900000000000006,0.013829868277988853,0.06513181050838597,0.028284271247461905,0
40.0,0.012684469825462674,0.0775099736281206,0.012431044197242953,0
40.1,-0.0032598067624809955,0.07151622339858286,0.01703364311375967,0
40.2,-0.0032073697652991637,0.07198602933623029,0.000472723235860287,0
40.300000000000004,-0.007708024480091601,0.07821452865970527,0.007684406072320208,0
40.400000000000006,-0.018384228773917544,0.07679073380949233,0.010770725597609493,0
40.5,-0.017181272456798555,0.08193512215007982,0.005283165272795181,0
40.6,-0.010065123675909657,0.07068870123170112,0.013308702301317456,0
40.7,-0.02540626538326588,0.08346546945068621,0.01996488003988133,0
40.800000000000004,-0.022083125263469963,0.07598060408512067,0.00818941205438094,0
40.900000000000006,-0.006571605508244734,0.07713735042804926,0.015554591194197975,0
41.0,0.005221366332393531,0.07781253524215034,0.011812284256962317,0
41.1,0.025828845581213403,0.09536594366658238,0.027070100633456523,0
41.2,0.023339204096422667,0.10508165317612593,0.01002962242542689,0
41.300000000000004,0.02979296359227414,0.11876796875144942,0.015131630634456928,0
41.400000000000006,0.020143728986473097,0.1256284833514338,0.01183952655533098,0
41.5,0.030727973854968976,0.10804108848720267,0.020526633858152805,0
41.6,0.018895388728311223,0.08764876670960167,0.023576616768756758,0
41.7,0.016201320383865646,0.0948241892675613,0.007664508668520088,0
41.800000000000004,0.031224890904825928,0.09556513707175905,0.01504183083427055,0
41.900000000000006,0.04751104636053885,0.08176412248961014,0.021347291702329237,0
42.0,0.0304772219669873,0.08120864550064395,0.01704287910406052,0
42.1,0.034317876456380375,0.08088169801970302,0.0038545455714245735,0
42.2,0.013643455455981609,0.07999049762457514,0.02069362031752795,0
42.300000000000004,0.0005987604509330759,0.08668722311287552,0.014663226112980397,0
42.400000000000006,0.004264742911901559,0.07728842524960197,0.01008845026150221,0
42.5,-0.0008739262614653768,0.06669629003071245,0.01177281824239852,0
42.6,-0.0015007172341970957,0.07624771323572484,0.009571966995594325,0
42.7,-0.011357977697552533,0.08128817839090328,0.011071218217657818,0
42.800000000000004,-0.016660553881276942,0.07335945006827985,0.009538450974774279,0
42.900000000000006,-0.01773085748082252,0.0630070268440861,0.010407603778393289,0
43.0,-0.02326735053429434,0.051028247918197614,0.013196359342123563,0
43.1,-0.003620099205130449,0.0513808834379149,0.019650415685198586,0
43.2,-0.010617354285056304,0.053520682545257124,0.007317125041526266,0
43.300000000000004,-0.011740634781964602,0.05131098654992489,0.0024788133182072933,0
43.400000000000006,-0.00559896778153035,0.058886063650397946,0.009752018592185635,0
43.5,-0.010903979257635626,0.053127881243951146,0.007829419607322254,0
43.6,-0.013654496229152066,0.0301086695965953,0.023182955990907698,0
43.7,-0.02880640685113759,0.043777412271040546,0.02040624712672172,0
43.800000000000004,-0.012356729716124754,0.041287051875476766,0.01663712032612485,0
43.900000000000006,-0.006591160085567089,0.044399553420912126,0.0065520576184238755,0
44.0,0.024197647998985286,0.05559530253525789,0.032761188951238814,0
44.1,0.022918472084177622,0.04603989812925363,0.009640645433958749,0
44.2,0.006854008881601897,0.04807453448792586,0.01619279849497734,0
44.300000000000004,-0.0007094985712411362,0.03385199739194912,0.016108606595098367,0
44.400000000000006,-0.007175227413666402,0.02303651735580517,0.012600803858325798,0
44.5,0.009696188937059244,0.03185291492529967,0.019036111887224275,0
44.6,0.00961646252389307,0.046652356314199936,0.014799656135344851,0
44.7,0.010390145600369254,0.0380395143009173,0.00864752178653469,0
44.800000000000004,0.025621386373065828,0.04342861473776389,0.016156518777084208,0
44.900000000000006,0.015248924829801263,0.041525227956927806,0.010545655015406292,0
45.0,0.006492742295953691,0.027697230647284445,0.016367169644185928,0
45.1,0.015754517771270106,0.04679139705198575,0.021221867864200748,0
45.2,0.001768842033078694,0.05242108941889145,0.01507622505801211,0
45.300000000000004,-0.004737583658139576,0.047549835581244496,0.008127895744049337,0
45.400000000000006,-0.010661522900528268,0.03890992788444633,0.010475736783477563,0
45.5,-0.010176306621079998,0.030600426720335954,0.008323655713338542,0
45.6,-0.00747173836328161,0.030098045625844585,0.002750831915110946,0
45.7,-0.009861218831945708,0.021022409005428608,0.009384923919561774,0
45.800000000000004,-0.015628932137629035,0.02857632126368617,0.00950411001525184,0
45.900000000000006,-0.010619760261385228,0.018800768815700655,0.010984226351867821,0
46.0,-0.00962643720709297,0.026314640049418546,0.007579244791341794,0
46.1,-0.026320490018306688,0.0317482419732179,0.01755606530888709,0
46.2,-0.03294672760776515,0.03745422865914949,0.008744444445016557,0
46.300000000000004,-0.04057931917319032,0.0194054076525043,0.01959633623243172,0
46.400000000000006,-0.05685474355202194,0.01988625711911812,0.016282526060799333,0
46.5,-0.05425751853480712,0.010843090868074032,0.009408742404491117,0
46.6,-0.04787159394703338,-0.0057721097546155654,0.01780013833016356,0
46.7,-0.048532391933506544,-0.017882271752240133,0.012128177010071928,0
46.800000000000004,-0.055050753011528133,-0.01740828503907599,0.006535571478281216,0
46.900000000000006,-0.06365488666436765,-0.021253840481374246,0.0094244051576593,0
47.0,-0.05359195857222325,-0.027022759176605734,0.01159926483445655,0
47.1,-0.04523503745157183,-0.03831982772318192,0.014052113305934833,0
47.2,-0.039936995672419,-0.023904141516602914,0.015358426205187856,0
47.300000000000004,-0.06465344067369189,-0.03187309407130768,0.025969344587803582,0
47.400000000000006,-0.05888271940188648,-0.03390354793173761,0.006117513128404564,0
47.5,-0.05517126066817339,-0.039943399798895815,0.007089057519111383,0
47.6,-0.05430536279344439,-0.04150017215281661,0.0017813812874823542,0
47.7,-0.04262754217684632,-0.038955963719804476,0.011951756812454518,0
47.800000000000004,-0.039251515556094296,-0.04307473338102915,0.00532558158948402,0
47.900000000000006,-0.04412757779681923,-0.04740031525922536,0.006518177779134513,0
48.0,-0.04018305637303626,-0.05161016006742799,0.005769059071619341,0
48.1,-0.03728530780407213,-0.0308561520809736,0.020955328541226604,0
48.2,-0.02857406076975521,-0.034116387402652014,0.00930134179812864,0
48.300000000000004,-0.01656192154811576,-0.038197141132867526,0.01268637220353859,0
48.400000000000006,-0.0369431668998943,-0.04827800424204157,0.02273805099640909,0
48.5,-0.055651086110152855,-0.051793139082454656,0.019035293906946832,0
48.6,-0.055466902318257336,-0.03502876595970183,0.01676538487086039,0
48.7,-0.05219762858061571,-0.03721977124779047,0.0039355628497161135,0
48.800000000000004,-0.04390357276878082,-0.059331124337869315,0.02361574257320679,0
48.900000000000006,-0.04154742718769516,-0.05162247239899965,0.00806069083353955,0
49.0,-0.05633328964549358,-0.040184931966930355,0.018693289163658502,0
49.1,-0.05294832557054944,-0.04433781110593837,0.005357647518442245,0
49.2,-0.04662050690948659,-0.02163088252789441,0.023572142339118956,0
49.300000000000004,-0.04480184435890164,-0.01914867666489105,0.003077154435388062,0
49.400000000000006,-0.04939545335430408,-0.027647120359538965,0.009660475600804712,0
49.5,-0.04109209518886162,-0.036207958618627634,0.011926177448029868,0
49.6,-0.040376432816667696,-0.0409845330862788,0.00482988988238772,0
49.7,-0.03558663455920378,-0.037647912033409316,0.005837397313671242,0
49.800000000000004,-0.025211235116624785,-0.042748076021956787,0.011561167168722412,0
49.900000000000006,-0.0279099844695585,-0.05253571317977986,0.010152885757416909,0
50.0,-0.027909984469559956,-0.032535713179779865,0.019999999999999997,0
50.1,-0.007909984469559955,-0.012535713179779865,0.0282842712474619,0
50.2,0.012090015530440045,0.007464286820220135,0.0282842712474619,0
50.300000000000004,0.032090015530440046,0.027464286820220136,0.0282842712474619,0
50.400000000000006,0.05209001553044004,0.047464286820220136,0.0282842712474619,0
50.5,0.07209001553044005,0.06746428682022014,0.02828427124746191,0
50.6,0.09209001553044005,0.08746428682022014,0.02828427124746191,0
50.7,0.11209001553044005,0.10746428682022015,0.02828427124746191,0
50.800000000000004,0.13209001553044006,0.12746428682022015,0.02828427124746191,0
50.900000000000006,0.15209001553044005,0.14746428682022014,0.028284271247461888,0
51.0,0.17209001553044004,0.16746428682022013,0.028284271247461888,0
51.1,0.19209001553044003,0.18746428682022012,0.028284271247461888,0
51.2,0.21209001553044002,0.2074642868202201,0.028284271247461888,0
51.300000000000004,0.23209001553044,0.18746428682022012,0.028284271247461888,0
51.400000000000006,0.25209001553044,0.16746428682022013,0.02828427124746191,0
51.5,0.27209001553044004,0.14746428682022014,0.02828427124746191,0
51.6,0.29209001553044006,0.12746428682022015,0.02828427124746191,0
51.7,0.3120900155304401,0.10746428682022015,0.028284271247461915,0
51.800000000000004,0.3320900155304401,0.08746428682022014,0.028284271247461915,0
51.900000000000006,0.3520900155304401,0.06746428682022014,0.028284271247461915,0
52.0,0.37209001553044013,0.047464286820220136,0.028284271247461915,0
52.1,0.39209001553044015,0.027464286820220136,0.028284271247461915,0
52.2,0.41209001553044017,0.007464286820220135,0.028284271247461915,0
52.300000000000004,0.4320900155304402,-0.012535713179779865,0.028284271247461915,0
52.400000000000006,0.4520900155304402,-0.032535713179779865,0.028284271247461915,0
52.5,0.45209001553043965,-0.05253571317977987,0.020000000000000004,0
52.6,0.43209001553043963,-0.07253571317977987,0.028284271247461915,0
52.7,0.4120900155304396,-0.09253571317977988,0.028284271247461915,0
52.800000000000004,0.3920900155304396,-0.11253571317977988,0.028284271247461915,0
52.900000000000006,0.3720900155304396,-0.13253571317977988,0.028284271247461915,0
53.0,0.35209001553043956,-0.15253571317977987,0.02828427124746191,0
53.1,0.33209001553043954,-0.17253571317977986,0.02828427124746191,0
53.2,0.3120900155304395,-0.19253571317977985,0.02828427124746191,0
53.300000000000004,0.2920900155304395,-0.21253571317977984,0.02828427124746191,0
53.400000000000006,0.2720900155304395,-0.23253571317977983,0.02828427124746191,0
53.5,0.25209001553043947,-0.25253571317977985,0.028284271247461926,0
53.6,0.23209001553043948,-0.27253571317977987,0.02828427124746191,0
53.7,0.2120900155304395,-0.2925357131797799,0.02828427124746191,0
53.800000000000004,0.1920900155304395,-0.27253571317977987,0.02828427124746191,0
53.900000000000006,0.1720900155304395,-0.25253571317977985,0.02828427124746191,0
54.0,0.15209001553043952,-0.23253571317977986,0.028284271247461888,0
54.1,0.13209001553043953,-0.21253571317977987,0.028284271247461888,0
54.2,0.11209001553043953,-0.19253571317977988,0.028284271247461894,0
54.300000000000004,0.09209001553043952,-0.1725357131797799,0.028284271247461894,0
54.400000000000006,0.07209001553043952,-0.1525357131797799,0.028284271247461894,0
54.5,0.052090015530439515,-0.1325357131797799,0.028284271247461894,0
54.6,0.03209001553043951,-0.11253571317977991,0.02828427124746191,0
54.7,0.01209001553043951,-0.0925357131797799,0.028284271247461905,0
54.800000000000004,-0.00790998446956049,-0.0725357131797799,0.028284271247461905,0
54.900000000000006,-0.02790998446956049,-0.0525357131797799,0.028284271247461905,0
55.0,-0.02790998446956603,-0.03253571317977989,0.020000000000000004,0
55.1,-0.00790998446956603,-0.012535713179779893,0.0282842712474619,0
55.2,0.01209001553043397,0.007464286820220108,0.0282842712474619,0
55.300000000000004,0.032090015530433974,0.027464286820220108,0.028284271247461905,0
55.400000000000006,0.05209001553043398,0.04746428682022011,0.028284271247461905,0
55.5,0.07209001553043398,0.06746428682022011,0.02828427124746191,0
55.6,0.09209001553043399,0.08746428682022012,0.02828427124746191,0
55.7,0.11209001553043399,0.10746428682022012,0.02828427124746191,0
55.800000000000004,0.13209001553043398,0.12746428682022012,0.028284271247461894,0
55.900000000000006,0.15209001553043397,0.14746428682022011,0.028284271247461888,0
56.0,0.17209001553043396,0.1674642868202201,0.028284271247461888,0
56.1,0.19209001553043395,0.1874642868202201,0.028284271247461888,0
56.2,0.21209001553043394,0.20746428682022008,0.028284271247461888,0
56.300000000000004,0.23209001553043393,0.1874642868202201,0.028284271247461888,0
56.400000000000006,0.2520900155304339,0.1674642868202201,0.028284271247461888,0
56.5,0.27209001553043394,0.14746428682022011,0.02828427124746191,0
56.6,0.29209001553043396,0.12746428682022012,0.02828427124746191,0
56.7,0.312090015530434,0.10746428682022012,0.028284271247461915,0
56.800000000000004,0.332090015530434,0.08746428682022012,0.028284271247461915,0
56.900000000000006,0.352090015530434,0.06746428682022011,0.028284271247461915,0
57.0,0.372090015530434,0.04746428682022011,0.028284271247461915,0
57.1,0.39209001553043404,0.027464286820220108,0.028284271247461915,0
57.2,0.41209001553043406,0.007464286820220108,0.028284271247461915,0
57.300000000000004,0.4320900155304341,-0.012535713179779893,0.028284271247461915,0
57.400000000000006,0.4520900155304341,-0.03253571317977989,0.028284271247461915,0
57.5,0.4520900155304376,-0.0525357131797799,0.020000000000000004,0
57.6,0.4320900155304376,-0.0725357131797799,0.028284271247461915,0
57.7,0.41209001553043756,-0.0925357131797799,0.028284271247461915,0
57.800000000000004,0.39209001553043754,-0.11253571317977991,0.028284271247461915,0
57.900000000000006,0.3720900155304375,-0.1325357131797799,0.028284271247461915,0
58.0,0.3520900155304375,-0.1525357131797799,0.02828427124746191,0
58.1,0.3320900155304375,-0.1725357131797799,0.02828427124746191,0
58.2,0.31209001553043747,-0.19253571317977988,0.02828427124746191,0
58.300000000000004,0.29209001553043745,-0.21253571317977987,0.02828427124746191,0
58.400000000000006,0.27209001553043743,-0.23253571317977986,0.02828427124746191,0
58.5,0.2520900155304374,-0.25253571317977985,0.02828427124746191,0
58.6,0.23209001553043743,-0.27253571317977987,0.02828427124746191,0
58.7,0.21209001553043744,-0.2925357131797799,0.02828427124746191,0
58.800000000000004,0.19209001553043745,-0.27253571317977987,0.02828427124746191,0
58.900000000000006,0.17209001553043746,-0.25253571317977985,0.02828427124746191,0
59.0,0.15209001553043747,-0.23253571317977986,0.028284271247461888,0
59.1,0.13209001553043748,-0.21253571317977987,0.028284271247461888,0
59.2,0.11209001553043747,-0.19253571317977988,0.028284271247461894,0
59.300000000000004,0.09209001553043747,-0.1725357131797799,0.028284271247461894,0
59.400000000000006,0.07209001553043747,-0.1525357131797799,0.028284271247461894,0
59.5,0.05209001553043746,-0.1325357131797799,0.028284271247461894,0
59.6,0.03209001553043746,-0.11253571317977991,0.02828427124746191,0
59.7,0.012090015530437457,-0.0925357131797799,0.028284271247461905,0
59.800000000000004,-0.007909984469562543,-0.0725357131797799,0.028284271247461905,0
59.900000000000006,-0.027909984469562544,-0.0525357131797799,0.028284271247461905,0
60.0,-0.03235291707032366,-0.04876270824933138,0.005828826322690938,0
60.1,-0.02478303090387014,-0.05798436149110763,0.01193071938671876,0
60.2,-0.016086971702813535,-0.04442798290305812,0.016105801627078625,0
60.300000000000004,-0.011952622670576526,-0.02566002477747746,0.019217936781140376,0
60.400000000000006,-0.019690514661612257,-0.03810657181059163,0.014655766971143406,0
60.5,-0.037477717150655045,-0.0231461286956998,0.023242190743992364,0
60.6,-0.030934060587114467,-0.02370197540480435,0.006567222151381056,0
60.7,-0.028134374323916266,-0.03495686587778812,0.01159787923420491,0
60.800000000000004,-0.0036768545277480018,-0.03366465405803584,0.02449163297877604,0
60.900000000000006,-0.002582906581699073,-0.026406987819048922,0.007339648584584634,0
61.0,0.00222718573566806,-0.02416814757625761,0.005305600223757551,0
61.1,-0.005677558818785059,-0.019453464004897652,0.009203978903127045,0
61.2,0.013142686145965279,-0.005999263543347875,0.023134760223369008,0
61.300000000000004,0.02907455241235925,-0.011111420307659726,0.01673196071932879,0
61.400000000000006,0.01917850420977344,-0.012369289508656208,0.009975670651876864,0
61.5,0.019735753332660387,-0.0014273743239467222,0.010956095768764267,0
61.6,0.002811107035512194,0.013868128870659415,0.022812191263878588,0
61.7,0.0012310280497222997,0.009599318171185214,0.004551856147691866,0
61.800000000000004,-0.008890015702879376,-0.006949248547472479,0.019398210924823515,0
61.900000000000006,-0.0006583098632602299,-0.00621606887558844,0.008264292677615182,0
62.0,-0.01355791886067077,-0.0191668565962246,0.01827902663904879,0
62.1,-0.016915765853572053,-0.002476641343330671,0.01702464160021201,0
62.2,-0.0195116793672081,-0.017508070874511734,0.015253938531446245,0
62.300000000000004,-0.021969110008067543,-0.02023530657198844,0.00367107339946045,0
62.400000000000006,-0.04893797643748326,-0.020778255237166563,0.02697433131220651,0
62.5,-0.051247321739570036,-0.01381619158903238,0.007335080501599264,0
62.6,-0.03275776079011658,-0.002550541293554807,0.021651298822092595,0
62.7,-0.035446647695664885,-0.01361580038097151,0.01138727673601055,0
62.800000000000004,-0.00971304966316628,-0.013023616040826629,0.025740410835705965,0
62.900000000000006,-0.009573756744036818,-0.013264866911926661,0.0002785758426822605,0
63.0,-0.0075929091363582685,-0.014708471031166086,0.0024510712143735983,0
63.1,-0.013329529205160631,-0.020177060443570007,0.007925546036409244,0
63.2,-0.013657061907320614,-0.025611308154907655,0.005444109280604375,0
63.300000000000004,-0.020785519734092258,-0.024547005877988685,0.007207471840022465,0
63.400000000000006,-0.02333529190830081,-0.0095070759921618,0.01525453470647194,0
63.5,-0.04984498999223093,0.001407992527062819,0.0286688474355091,0
63.6,-0.03738413806725464,-0.019325909797018676,0.024190236383316667,0
63.7,-0.04081101400805812,-0.02304031845697659,0.0050537422180823716,0
63.800000000000004,-0.05488613095523634,-0.030818485332885344,0.01608131826145567,0
63.900000000000006,-0.06599188940989463,-0.013295780898649117,0.02074567524914087,0
64.0,-0.05663510547842002,-0.000580229948707529,0.015787166987805697,0
64.10000000000001,-0.04941838483798767,-0.01187074766087982,0.013399882350637207,0
64.2,-0.054663587500785406,-0.0069770020486006395,0.007173625101127199,0
64.3,-0.06688486558970486,0.0001529822531232414,0.014149074678915638,0
64.4,-0.06928811957128621,-0.0035952258223727338,0.0044524929508310135,0
64.5,-0.06217851988925129,0.000847407292487664,0.008383519346434717,0
64.60000000000001,-0.06578818154744209,0.012440705326130145,0.012142249239060751,0
64.7,-0.07659881482344107,0.018600061395572784,0.012442164563222759,0
64.8,-0.07066780224375722,0.01550459700243288,0.006690202540249807,0
64.9,-0.06740647202133604,0.0029934612385798514,0.012929222440705402,0
65.0,-0.05816620182926703,0.001144439874149961,0.009423453360024509,0
65.10000000000001,-0.06339343203445742,0.011634532132518855,0.011720322999266947,0
65.2,-0.07043686893988502,-0.0024500808311167417,0.015747581584997467,0
65.3,-0.08600316067512405,0.003610018682339655,0.01670431813931851,0
65.4,-0.09880745420008688,0.0211579605021833,0.021722803566437333,0
65.5,-0.1196267482789241,0.03812252418508368,0.02685590115584076,0
65.60000000000001,-0.1175165736068979,0.03715539306637976,0.0023212453009594544,0
65.7,-0.1229657644749874,0.041146754209900466,0.006754601756941477,0
65.8,-0.12334211149923588,0.052179773030065685,0.01103943573597766,0
65.9,-0.12219983501261548,0.05368279064468446,0.0018878181908595288,0
66.0,-0.12583595713475404,0.05311333440747378,0.0036804435185454933,0
66.10000000000001,-0.12275793944583345,0.03601165048090753,0.0173764721971257,0
66.2,-0.13623979366689057,0.04344429142113468,0.015394951918865364,0
66.3,-0.13453113928561114,0.04160445805760789,0.0025108736726907814,0
66.4,-0.1343467999549572,0.045080275111224595,0.003480701822770613,0
66.5,-0.13974439675805084,0.037297227857201465,0.009471529750104969,0
66.60000000000001,-0.13778594420707402,0.027513500081051145,0.009977818679062217,0
66.7,-0.1337034166499293,0.01048766403867274,0.0175084586470882,0
66.8,-0.12341186027667286,0.01521363886280317,0.011324794506843368,0
66.9,-0.1208515629335341,0.02504054870225831,0.010154963292797449,0
67.0,-0.10419681848890834,0.03518424935243961,0.019500645512297316,0
67.10000000000001,-0.12260556080222479,0.022388479685082598,0.02241904357768505,0
67.2,-0.12885374657918158,0.022649390187190935,0.0062536309287865395,0
67.3,-0.12367715637449035,0.015391952055656279,0.00891445423906357,0
67.4,-0.12180948872971957,0.007838122732123053,0.007781292944003206,0
67.5,-0.12792466675963904,-0.006228488236359171,0.015338348883639143,0
67.60000000000001,-0.1371569992207481,-0.01974533429252251,0.01636890619370965,0
67.7,-0.14691573175052142,-0.009208916326444114,0.014361370552407446,0
67.8,-0.15640972063884084,0.017114904321929796,0.027983555144750448,0
67.9,-0.15147654163003196,0.018963265558878534,0.005268082610894331,0
68.0,-0.1600601194318441,0.02596636435296845,0.011077960128089715,0
68.10000000000001,-0.16581649769422183,0.027186462499422064,0.005884261226913238,0
68.2,-0.14021565231153388,0.026225863502175567,0.025618860918116673,0
68.3,-0.1287229190486771,0.019194099250916693,0.013473255966412004,0
68.4,-0.12907280395364673,0.03690210560727179,0.017711462631963465,0
68.5,-0.1353424745315244,0.05502659118724108,0.019178262348127886,0
68.60000000000001,-0.12826495517696965,0.049401923428298404,0.009040363245610564,0
68.7,-0.12194087778641444,0.059127467924565705,0.01160086938942969,0
68.8,-0.11572277816424248,0.04342522072566114,0.016888615396377562,0
68.9,-0.12299414992249116,0.0409500343701461,0.007681106348774532,0
69.0,-0.12373848421349162,0.047156755345652876,0.00625119339042994,0
69.10000000000001,-0.12196147420415908,0.03380331175855186,0.01347116254104141,0
69.2,-0.11815949569409945,0.039909169211390094,0.007192811399260752,0
69.3,-0.11256159121478905,0.05071697646693631,0.012171492604956915,0
69.4,-0.10422236966930001,0.055308777259220676,0.009519834583687463,0
69.5,-0.10492402678388649,0.038699167924060765,0.016624423147077346,0
69.60000000000001,-0.10062784459256063,0.04077604479569188,0.004771854876353811,0
69.7,-0.0979120562206069,0.028008559037488785,0.013053129857132268,0
69.8,-0.10872262162468953,0.038540087570817824,0.015092429148558949,0
69.9,-0.10911817316325607,0.04535509454454407,0.006826476475576525,0
70.0,-0.10911817316325774,0.06535509454454407,0.019999999999999997,0
70.10000000000001,-0.08911817316325774,0.08535509454454407,0.02828427124746191,0
70.2,-0.06911817316325773,0.10535509454454407,0.02828427124746191,0
70.3,-0.04911817316325773,0.12535509454454408,0.02828427124746191,0
70.4,-0.029118173163257727,0.14535509454454407,0.028284271247461894,0
70.5,-0.009118173163257727,0.16535509454454406,0.028284271247461894,0
70.60000000000001,0.010881826836742273,0.18535509454454405,0.028284271247461894,0
70.7,0.030881826836742274,0.20535509454454404,0.028284271247461894,0
70.8,0.05088182683674228,0.22535509454454403,0.028284271247461894,0
70.9,0.07088182683674228,0.24535509454454402,0.028284271247461894,0
71.0,0.09088182683674229,0.26535509454454403,0.028284271247461915,0
71.10000000000001,0.11088182683674229,0.28535509454454405,0.028284271247461915,0
71.2,0.1308818268367423,0.30535509454454407,0.028284271247461915,0
71.3,0.15088182683674228,0.28535509454454405,0.02828427124746191,0
71.4,0.17088182683674227,0.26535509454454403,0.02828427124746191,0
71.5,0.19088182683674226,0.24535509454454404,0.028284271247461888,0
71.60000000000001,0.21088182683674225,0.22535509454454405,0.028284271247461888,0
71.7,0.23088182683674224,0.20535509454454406,0.028284271247461888,0
71.8,0.25088182683674226,0.18535509454454407,0.02828427124746191,0
71.9,0.2708818268367423,0.16535509454454408,0.02828427124746191,0
72.0,0.2908818268367423,0.1453550945445441,0.02828427124746191,0
72.10000000000001,0.3108818268367423,0.1253550945445441,0.02828427124746191,0
72.2,0.33088182683674233,0.1053550945445441,0.028284271247461915,0
72.3,0.35088182683674235,0.0853550945445441,0.028284271247461915,0
72.4,0.37088182683674237,0.06535509454454409,0.028284271247461915,0
72.5,0.37088182683674237,0.04535509454454409,0.020000000000000004,0
72.60000000000001,0.35088182683674235,0.02535509454454409,0.028284271247461915,0
72.7,0.33088182683674233,0.005355094544544088,0.028284271247461915,0
72.8,0.3108818268367423,-0.014644905455455912,0.028284271247461915,0
72.9,0.2908818268367423,-0.03464490545545591,0.028284271247461915,0
73.0,0.2708818268367423,-0.05464490545545592,0.028284271247461915,0
73.10000000000001,0.25088182683674226,-0.07464490545545592,0.028284271247461915,0
73.2,0.23088182683674227,-0.09464490545545592,0.028284271247461894,0
73.3,0.21088182683674228,-0.11464490545545593,0.028284271247461894,0
73.4,0.1908818268367423,-0.13464490545545593,0.028284271247461894,0
73.5,0.1708818268367423,-0.15464490545545592,0.028284271247461888,0
73.60000000000001,0.1508818268367423,-0.1746449054554559,0.028284271247461888,0
73.7,0.13088182683674232,-0.1946449054554559,0.028284271247461888,0
73.8,0.11088182683674232,-0.1746449054554559,0.028284271247461894,0
73.9,0.09088182683674231,-0.15464490545545592,0.028284271247461894,0
74.0,0.07088182683674231,-0.13464490545545593,0.028284271247461894,0
74.10000000000001,0.050881826836742305,-0.11464490545545593,0.02828427124746191,0
74.2,0.030881826836742305,-0.09464490545545592,0.028284271247461905,0
74.3,0.010881826836742305,-0.07464490545545592,0.028284271247461905,0
74.4,-0.009118173163257696,-0.05464490545545592,0.028284271247461905,0
74.5,-0.029118173163257696,-0.03464490545545591,0.028284271247461905,0
74.60000000000001,-0.0491181731632577,-0.014644905455455912,0.028284271247461905,0
74.7,-0.0691181731632577,0.005355094544544088,0.028284271247461905,0
74.8,-0.08911817316325771,0.02535509454454409,0.028284271247461905,0
74.9,-0.10911817316325771,0.04535509454454409,0.028284271247461905,0
75.0,-0.10911817316326271,0.06535509454454409,0.020000000000000004,0
75.10000000000001,-0.0891181731632627,0.0853550945445441,0.02828427124746191,0
75.2,-0.0691181731632627,0.1053550945445441,0.02828427124746191,0
75.3,-0.049118173163262696,0.1253550945445441,0.02828427124746191,0
75.4,-0.029118173163262696,0.1453550945445441,0.028284271247461894,0
75.5,-0.009118173163262695,0.16535509454454408,0.028284271247461894,0
75.60000000000001,0.010881826836737305,0.18535509454454407,0.028284271247461894,0
75.7,0.030881826836737306,0.20535509454454406,0.028284271247461894,0
75.8,0.05088182683673731,0.22535509454454405,0.028284271247461894,0
75.9,0.07088182683673731,0.24535509454454404,0.028284271247461894,0
76.0,0.09088182683673732,0.26535509454454403,0.028284271247461894,0
76.10000000000001,0.11088182683673732,0.28535509454454405,0.028284271247461915,0
76.2,0.13088182683673732,0.30535509454454407,0.028284271247461915,0
76.3,0.15088182683673731,0.28535509454454405,0.02828427124746191,0
76.4,0.1708818268367373,0.26535509454454403,0.02828427124746191,0
76.5,0.1908818268367373,0.24535509454454404,0.028284271247461888,0
76.60000000000001,0.21088182683673729,0.22535509454454405,0.028284271247461888,0
76.7,0.23088182683673728,0.20535509454454406,0.028284271247461888,0
76.80000000000001,0.25088182683673727,0.18535509454454407,0.028284271247461888,0
76.9,0.2708818268367373,0.16535509454454408,0.02828427124746191,0
77.0,0.2908818268367373,0.1453550945445441,0.02828427124746191,0
77.10000000000001,0.3108818268367373,0.1253550945445441,0.02828427124746191,0
77.2,0.33088182683673734,0.1053550945445441,0.028284271247461915,0
77.30000000000001,0.35088182683673735,0.0853550945445441,0.028284271247461915,0
77.4,0.37088182683673737,0.06535509454454409,0.028284271247461915,0
77.5,0.3708818268367407,0.04535509454454409,0.020000000000000004,0
77.60000000000001,0.3508818268367407,0.02535509454454409,0.028284271247461915,0
77.7,0.33088182683674067,0.005355094544544088,0.028284271247461915,0
77.80000000000001,0.31088182683674065,-0.014644905455455912,0.028284271247461915,0
77.9,0.29088182683674063,-0.03464490545545591,0.028284271247461915,0
78.0,0.2708818268367406,-0.05464490545545592,0.028284271247461915,0
78.10000000000001,0.2508818268367406,-0.07464490545545592,0.028284271247461915,0
78.2,0.2308818268367406,-0.09464490545545592,0.028284271247461894,0
78.30000000000001,0.21088182683674062,-0.11464490545545593,0.028284271247461894,0
78.4,0.19088182683674063,-0.13464490545545593,0.028284271247461894,0
78.5,0.17088182683674064,-0.15464490545545592,0.028284271247461888,0
78.60000000000001,0.15088182683674065,-0.1746449054554559,0.028284271247461888,0
78.7,0.13088182683674066,-0.1946449054554559,0.028284271247461888,0
78.80000000000001,0.11088182683674065,-0.1746449054554559,0.028284271247461894,0
78.9,0.09088182683674065,-0.15464490545545592,0.028284271247461894,0
79.0,0.07088182683674064,-0.13464490545545593,0.028284271247461894,0
79.10000000000001,0.05088182683674064,-0.11464490545545593,0.02828427124746191,0
79.2,0.03088182683674064,-0.09464490545545592,0.028284271247461905,0
79.30000000000001,0.01088182683674064,-0.07464490545545592,0.028284271247461905,0
79.4,-0.009118173163259361,-0.05464490545545592,0.028284271247461905,0
79.5,-0.02911817316325936,-0.03464490545545591,0.028284271247461905,0
79.60000000000001,-0.049118173163259365,-0.014644905455455912,0.028284271247461905,0
79.7,-0.06911817316325937,0.005355094544544088,0.028284271247461905,0
79.80000000000001,-0.08911817316325937,0.02535509454454409,0.028284271247461905,0
79.9,-0.10911817316325938,0.04535509454454409,0.028284271247461905,0
80.0,-0.10883498940195477,0.04565265593950154,0.00041077466625346986,0
80.10000000000001,-0.09945215134219479,0.0404922086573278,0.010708308279451744,0
80.2,-0.09849094357278496,0.03586945577027737,0.004721627328655544,0
80.30000000000001,-0.10283590584710811,0.03277773453559098,0.005332676378545975,0
80.4,-0.10061456813077098,0.027990248318956204,0.00527772351724584,0
80.5,-0.08805700687503577,0.019044175296761164,0.015418319208330974,0
80.60000000000001,-0.08992572331664936,0.014646864714019416,0.004777911834708707,0
80.7,-0.07545594447311203,0.016612412479135162,0.014602666804314612,0
80.80000000000001,-0.06513749907842568,0.0017568087487654423,0.01808754481837982,0
80.9,-0.06246699641973309,0.010653116704999813,0.009288481022333154,0
81.0,-0.06164415652697885,0.021307920455653325,0.010686529298797058,0
81.10000000000001,-0.06681704102798257,0.03540139485750912,0.015012819681075542,0
81.2,-0.04382805979179007,0.03177300925311253,0.023273556676455868,0
81.30000000000001,-0.04828308500579778,0.04630685402428954,0.01520131222921606,0
81.4,-0.03248736354849066,0.04107825375275685,0.01663860201928949,0
81.5,-0.03668923171944923,0.03826040766415178,0.0050592442820229224,0
81.60000000000001,-0.050133736829792004,0.029073888199309797,0.016283330664822647,0
81.7,-0.060175144497312684,0.021395912548268513,0.012640457983923126,0
81.80000000000001,-0.0605219933711805,0.02373805987363372,0.0023676904854770947,0
81.9,-0.04501698844303973,0.013754519466245809,0.018441156603847184,0
82.0,-0.035173764458273894,0.01161463102399072,0.0100731415635623,0
82.10000000000001,-0.035668401554798224,0.018362825945656757,0.006766298881815473,0
82.2,-0.04689562177042121,0.022186923407497262,0.011860615294652656,0
82.30000000000001,-0.04523109968829065,0.027111436047578753,0.005198216858137281,0
82.4,-0.04233941324921247,0.051664437446687694,0.024722696620041153,0
82.5,-0.04871681309172563,0.04635446789666952,0.008298614665919073,0
82.60000000000001,-0.05494821835597327,0.04079969670506697,0.008347807769609382,0
82.7,-0.06132208962903845,0.052689862016142494,0.01349082155134776,0
82.80000000000001,-0.047117047149139904,0.04698239907864773,0.015308767587189983,0
82.9,-0.05544060288018219,0.05169655464251177,0.009565816362866119,0
83.0,-0.060962833322991905,0.05802587282006688,0.008399720093921221,0
83.10000000000001,-0.05893360311447891,0.04286843167009456,0.015292671364219395,0
83.2,-0.043458551101178286,0.060827208401049784,0.023706431542656486,0
83.30000000000001,-0.04958643800602215,0.05695019280168994,0.007251361794603583,0
83.4,-0.0467277840987731,0.06029476070156019,0.004399776880510276,0
83.5,-0.040142341372044796,0.08039680608922369,0.021153257070122843,0
83.60000000000001,-0.04191181364698529,0.07241383364383915,0.008176728025044731,0
83.7,-0.05570500592713056,0.06510453324441995,0.015610189800447935,0
83.80000000000001,-0.05603627565586853,0.08305011187959782,0.017948635942169274,0
83.9,-0.06121238864623024,0.0852879913959868,0.005639171075509651,0
84.0,-0.06137661760695776,0.09717192413046764,0.01188506745412944,0
84.10000000000001,-0.03610729334822155,0.09186323640126444,0.025820939446490852,0
84.2,-0.04100168777340377,0.10230484517195516,0.011531794765318201,0
84.30000000000001,-0.03418277287714065,0.1207719184293155,0.019685791705064657,0
84.4,-0.028343491023881014,0.11717899752144491,0.006856113564696912,0
84.5,-0.02243694271695792,0.128266033327274,0.012562232120994745,0
84.60000000000001,-0.014232120904984281,0.13333877363834695,0.009646335844755927,0
84.7,-0.003565374009092742,0.1450317295428037,0.015827340494365485,0
84.80000000000001,0.01025621590128253,0.15151882841870012,0.015268228432802684,0
84.9,0.008585035098113987,0.15298596528303335,0.00222381111058574,0
85.0,0.020650124763197556,0.14481660857316098,0.014570682128151827,0
85.10000000000001,0.024336857851926567,0.14088322044988738,0.005391061397891804,0
85.2,0.024624306081274742,0.15366773907596037,0.012787749723268857,0
85.30000000000001,0.026535296761473776,0.15413210455752185,0.00196660130180812,0
85.4,0.012936735351674583,0.16159464021779407,0.015511618577598996,0
85.5,0.019391577163085337,0.18322718745084868,0.02257503228349131,0
85.60000000000001,0.016313794813555327,0.18541869072748807,0.003778284108242742,0
85.7,0.01880763165066288,0.2011932235251228,0.015970444801375095,0
85.80000000000001,0.01785467632679336,0.2039834387828262,0.0029484614689040973,0
85.9,0.023933641423958752,0.2058495300143898,0.006358939623638014,0
86.0,0.019469305278453468,0.20779042994337288,0.004867996482577972,0
86.10000000000001,0.03020562277705119,0.19752527694926228,0.014854018965357268,0
86.2,0.03153531951851995,0.19052406879987055,0.0071263601491492,0
86.30000000000001,0.04348578580776837,0.1752921997520328,0.019360358447635735,0
86.4,0.03789656733505249,0.179064318502678,0.006743014385622914,0
86.5,0.05355180762739589,0.17840681589194812,0.015669041396783944,0
86.60000000000001,0.04799981236046391,0.19721838658635402,0.01961376668145784,0
86.7,0.033519673356301474,0.1752303270201532,0.026327726621694122,0
86.80000000000001,0.0379198178568348,0.1702097847766271,0.006675860696914204,0
86.9,0.027707489685527664,0.17729334924962065,0.012428537014529494,0
87.0,0.03014549682323965,0.17165256294225337,0.006145107726388268,0
87.10000000000001,0.017342452836530707,0.1803771362250548,0.015493098924765717,0
87.2,0.023844464616117316,0.17938537758726097,0.0065772138765226185,0
87.30000000000001,0.04231083457659397,0.16868452992399946,0.021342796448205283,0
87.4,0.027055582867346585,0.161765449225187,0.016751011385261916,0
87.5,0.026599722703791608,0.16419884371841392,0.002475725600381314,0
87.60000000000001,0.024187362125228307,0.1677193976835569,0.004267760980009329,0
87.7,0.011671967883323867,0.18215704372428948,0.01910708549799723,0
87.80000000000001,0.010850456099398179,0.19333000204017076,0.011203119170103892,0
87.9,0.01427770956317522,0.19789753423170858,0.005710377975730334,0
88.0,0.019975382365497257,0.20237461983188174,0.007246224591716577,0
88.10000000000001,0.026402609964172697,0.21566614513320606,0.014763939157315704,0
88.2,0.028367821661187398,0.22275618270909117,0.007357356171991826,0
88.30000000000001,0.02747046471831513,0.2371573548635859,0.014429102844817337,0
88.4,0.02070654169772243,0.25516675919269405,0.019237705136471002,0
88.5,0.020304962191278995,0.24085900817151357,0.014313385531874926,0
88.60000000000001,0.021586006340386887,0.23404849159676475,0.006929950225426728,0
88.7,0.02999244183027413,0.22752225180374083,0.010642366441806285,0
88.80000000000001,0.025530607498126332,0.20862684449428553,0.019415055575448387,0
88.9,0.021007544305635565,0.18438805122799595,0.024657193669377502,0
89.0,0.005168516070778333,0.19199219778943893,0.01756979966739831,0
89.10000000000001,0.013026517657286655,0.19624677340728858,0.008935860485793631,0
89.2,0.003356756225994526,0.19576965984586878,0.0096815248534823,0
89.30000000000001,0.003320730835088842,0.18418601295394335,0.011583702911660134,0
89.4,0.018354713852760347,0.19295963585970005,0.017406812007603627,0
89.5,0.016145072114463706,0.19322849424964536,0.0022259383292145777,0
89.60000000000001,0.018228900193939232,0.17281114556540245,0.020523412648942342,0
89.7,0.015757126368733262,0.16599130308542445,0.007253958732629085,0
89.80000000000001,0.005740926269784107,0.1631803001565649,0.010403172683765565,0
89.9,0.023717791538279333,0.169588728769235,0.019084958531925576,0
90.0,0.023717791538277577,0.189588728769235,0.01999999999999999,0
90.10000000000001,0.04371779153827758,0.20958872876923498,0.028284271247461894,0
90.2,0.06371779153827759,0.22958872876923497,0.028284271247461894,0
90.30000000000001,0.08371779153827759,0.24958872876923496,0.028284271247461894,0
90.4,0.10371779153827759,0.26958872876923495,0.028284271247461894,0
90.5,0.1237177915382776,0.28958872876923497,0.028284271247461915,0
90.60000000000001,0.1437177915382776,0.309588728769235,0.028284271247461915,0
90.7,0.1637177915382776,0.329588728769235,0.02828427124746191,0
90.80000000000001,0.18371779153827758,0.349588728769235,0.02828427124746191,0
90.9,0.20371779153827757,0.36958872876923504,0.02828427124746191,0
91.0,0.22371779153827756,0.38958872876923506,0.02828427124746191,0
91.10000000000001,0.24371779153827755,0.4095887287692351,0.02828427124746191,0
91.2,0.26371779153827757,0.4295887287692351,0.028284271247461926,0
91.30000000000001,0.2837177915382776,0.4095887287692351,0.028284271247461926,0
91.4,0.3037177915382776,0.38958872876923506,0.028284271247461926,0
91.5,0.3237177915382776,0.36958872876923504,0.028284271247461926,0
91.60000000000001,0.34371779153827764,0.349588728769235,0.028284271247461926,0
91.7,0.36371779153827766,0.329588728769235,0.028284271247461926,0
91.80000000000001,0.3837177915382777,0.309588728769235,0.028284271247461926,0
91.9,0.4037177915382777,0.28958872876923497,0.028284271247461926,0
92.0,0.4237177915382777,0.26958872876923495,0.028284271247461926,0
92.10000000000001,0.44371779153827773,0.24958872876923496,0.02828427124746191,0
92.2,0.46371779153827775,0.22958872876923497,0.02828427124746191,0
92.30000000000001,0.48371779153827776,0.20958872876923498,0.02828427124746191,0
92.4,0.5037177915382778,0.189588728769235,0.02828427124746191,0
92.5,0.5037177915382781,0.169588728769235,0.01999999999999999,0
92.60000000000001,0.4837177915382781,0.149588728769235,0.02828427124746191,0
92.7,0.4637177915382781,0.12958872876923502,0.02828427124746191,0
92.80000000000001,0.44371779153827806,0.10958872876923502,0.028284271247461915,0
92.9,0.42371779153827804,0.08958872876923502,0.028284271247461915,0
93.0,0.403717791538278,0.06958872876923501,0.028284271247461915,0
93.10000000000001,0.383717791538278,0.04958872876923501,0.028284271247461915,0
93.2,0.363717791538278,0.029588728769235007,0.028284271247461915,0
93.30000000000001,0.343717791538278,0.009588728769235007,0.028284271247461915,0
93.4,0.32371779153827795,-0.010411271230764994,0.028284271247461915,0
93.5,0.30371779153827794,-0.030411271230764994,0.028284271247461915,0
93.60000000000001,0.2837177915382779,-0.050411271230765,0.028284271247461915,0
93.7,0.2637177915382779,-0.070411271230765,0.028284271247461915,0
93.80000000000001,0.2437177915382779,-0.050411271230765,0.028284271247461894,0
93.9,0.22371779153827792,-0.030411271230764998,0.028284271247461894,0
94.0,0.20371779153827793,-0.010411271230764997,0.028284271247461894,0
94.10000000000001,0.18371779153827794,0.009588728769235003,0.028284271247461894,0
94.2,0.16371779153827795,0.029588728769235004,0.028284271247461894,0
94.30000000000001,0.14371779153827796,0.04958872876923501,0.028284271247461894,0
94.4,0.12371779153827796,0.06958872876923501,0.02828427124746191,0
94.5,0.10371779153827795,0.08958872876923502,0.02828427124746191,0
94.60000000000001,0.08371779153827795,0.10958872876923502,0.02828427124746191,0
94.7,0.06371779153827795,0.12958872876923502,0.02828427124746191,0
94.80000000000001,0.04371779153827794,0.149588728769235,0.028284271247461894,0
94.9,0.02371779153827794,0.169588728769235,0.028284271247461894,0
95.0,0.023717791538273483,0.189588728769235,0.01999999999999999,0
95.10000000000001,0.04371779153827349,0.20958872876923498,0.028284271247461894,0
95.2,0.06371779153827349,0.22958872876923497,0.028284271247461894,0
95.30000000000001,0.0837177915382735,0.24958872876923496,0.028284271247461894,0
95.4,0.1037177915382735,0.26958872876923495,0.028284271247461894,0
95.5,0.1237177915382735,0.28958872876923497,0.028284271247461915,0
95.60000000000001,0.1437177915382735,0.309588728769235,0.02828427124746191,0
95.7,0.16371779153827348,0.329588728769235,0.02828427124746191,0
95.80000000000001,0.18371779153827347,0.349588728769235,0.02828427124746191,0
95.9,0.20371779153827346,0.36958872876923504,0.02828427124746191,0
96.0,0.22371779153827345,0.38958872876923506,0.02828427124746191,0
96.10000000000001,0.24371779153827344,0.4095887287692351,0.02828427124746191,0
96.2,0.26371779153827346,0.4295887287692351,0.028284271247461926,0
96.30000000000001,0.2837177915382735,0.4095887287692351,0.028284271247461926,0
96.4,0.3037177915382735,0.38958872876923506,0.028284271247461926,0
96.5,0.3237177915382735,0.36958872876923504,0.028284271247461926,0
96.60000000000001,0.34371779153827353,0.349588728769235,0.028284271247461926,0
96.7,0.36371779153827355,0.329588728769235,0.028284271247461926,0
96.80000000000001,0.38371779153827357,0.309588728769235,0.028284271247461926,0
96.9,0.4037177915382736,0.28958872876923497,0.028284271247461926,0
97.0,0.4237177915382736,0.26958872876923495,0.028284271247461926,0
97.10000000000001,0.4437177915382736,0.24958872876923496,0.02828427124746191,0
97.2,0.46371779153827364,0.22958872876923497,0.02828427124746191,0
97.30000000000001,0.48371779153827366,0.20958872876923498,0.02828427124746191,0
97.4,0.5037177915382737,0.189588728769235,0.02828427124746191,0
97.5,0.5037177915382768,0.169588728769235,0.01999999999999999,0
97.60000000000001,0.48371779153827676,0.149588728769235,0.02828427124746191,0
97.7,0.46371779153827675,0.12958872876923502,0.02828427124746191,0
97.80000000000001,0.44371779153827673,0.10958872876923502,0.028284271247461915,0
97.9,0.4237177915382767,0.08958872876923502,0.028284271247461915,0
98.0,0.4037177915382767,0.06958872876923501,0.028284271247461915,0
98.10000000000001,0.3837177915382767,0.04958872876923501,0.028284271247461915,0
98.2,0.36371779153827666,0.029588728769235007,0.028284271247461915,0
98.30000000000001,0.34371779153827664,0.009588728769235007,0.028284271247461915,0
98.4,0.3237177915382766,-0.010411271230764994,0.028284271247461915,0
98.5,0.3037177915382766,-0.030411271230764994,0.028284271247461915,0
98.60000000000001,0.2837177915382766,-0.050411271230765,0.028284271247461915,0
98.7,0.26371779153827657,-0.070411271230765,0.028284271247461915,0
98.80000000000001,0.24371779153827658,-0.050411271230765,0.028284271247461894,0
98.9,0.2237177915382766,-0.030411271230764998,0.028284271247461894,0
99.0,0.2037177915382766,-0.010411271230764997,0.028284271247461894,0
99.10000000000001,0.1837177915382766,0.009588728769235003,0.028284271247461894,0
99.2,0.16371779153827662,0.029588728769235004,0.028284271247461894,0
99.30000000000001,0.14371779153827663,0.04958872876923501,0.028284271247461894,0
99.4,0.12371779153827663,0.06958872876923501,0.02828427124746191,0
99.5,0.10371779153827662,0.08958872876923502,0.02828427124746191,0
99.60000000000001,0.08371779153827662,0.10958872876923502,0.02828427124746191,0
99.7,0.06371779153827661,0.12958872876923502,0.02828427124746191,0
99.80000000000001,0.04371779153827661,0.149588728769235,0.028284271247461894,0
99.9,0.02371779153827661,0.169588728769235,0.028284271247461894,0
